cancer,rank,canonical_drug_id,drug_name,canonical_smiles,admet_engine,admet_engine_status,rdkit_parse_status,hERG_risk,Ames_risk,DILI_risk,hepatotoxicity_risk,solubility,permeability,oral_bioavailability,clearance_or_metabolism_flag,admet_risk_flag_count,admet_tier,oncology_relaxed_interpretation,ev_composite_0_10,graph_luad_caveat,mandatory_caveat
brca,1,1375,Temozolomide,Cn1nnc2c(C(N)=O)ncn2c1=O,rdkit_descriptors+admet_ai,ok,ok,low,high,high,low,-1.9824962615966797,0.9976109266281128,0.9520230293273926,typical_cyp_max=0.325,2,D,"Oncology-relaxed: hERG/Ames/DILI/hep(ClinTox proxy) = advisory flags, not hard exclusion. admet_tier=D; merge ADMET with ev_composite_0_10=8.0 for final rank. | ADMET: reused from preliminary Top10 run when (cancer,drug) matched; EV score updated from Top15-EV run.",8.0,False,
brca,2,1089,Oxaliplatin,[H][N]1([H])[C@@H]2CCCC[C@H]2[N]([H])([H])[Pt]11OC(=O)C(=O)O1,rdkit_descriptors+admet_ai,ok,ok,low,high,moderate,low,-2.4797818660736084,0.9378719329833984,0.3662447929382324,elevated_cyp_likelihood_max=0.880,2,C,"Oncology-relaxed: hERG/Ames/DILI/hep(ClinTox proxy) = advisory flags, not hard exclusion. admet_tier=C; merge ADMET with ev_composite_0_10=8.0 for final rank. | ADMET: reused from preliminary Top10 run when (cancer,drug) matched; EV score updated from Top15-EV run.",8.0,False,
brca,3,1806,Oxaliplatin,[H][N]1([H])[C@@H]2CCCC[C@H]2[N]([H])([H])[Pt]11OC(=O)C(=O)O1,rdkit_descriptors+admet_ai,ok,ok,low,high,moderate,low,-2.4797818660736084,0.9378719329833984,0.3662447929382324,elevated_cyp_likelihood_max=0.880,2,C,"Oncology-relaxed: hERG/Ames/DILI/hep(ClinTox proxy) = advisory flags, not hard exclusion. admet_tier=C; merge ADMET with ev_composite_0_10=8.0 for final rank. | ADMET: reused from preliminary Top10 run when (cancer,drug) matched; EV score updated from Top15-EV run.",8.0,False,
brca,4,1507,Ruxolitinib,N#CC[C@H](C1CCCC1)n1cc(-c2ncnc3[nH]ccc23)cn1,rdkit_descriptors+admet_ai,ok,ok,moderate,moderate,high,moderate,-4.485034465789795,0.999906361103058,0.8280823826789856,elevated_cyp_likelihood_max=0.850,4,C,"Oncology-relaxed: hERG/Ames/DILI/hep(ClinTox proxy) = advisory flags, not hard exclusion. admet_tier=C; merge ADMET with ev_composite_0_10=5.0 for final rank. | ADMET: reused from preliminary Top10 run when (cancer,drug) matched; EV score updated from Top15-EV run.",5.0,False,
brca,5,1373,Dabrafenib,CC(C)(C)c1nc(-c2cccc(NS(=O)(=O)c3c(F)cccc3F)c2F)c(-c2ccnc(N)n2)s1,rdkit_descriptors+admet_ai,ok,ok,high,low,high,low,-5.6069512367248535,0.99986732006073,0.6830302476882935,elevated_cyp_likelihood_max=0.977,2,D,"Oncology-relaxed: hERG/Ames/DILI/hep(ClinTox proxy) = advisory flags, not hard exclusion. admet_tier=D; merge ADMET with ev_composite_0_10=4.0 for final rank. | ADMET: reused from preliminary Top10 run when (cancer,drug) matched; EV score updated from Top15-EV run.",4.0,False,
brca,6,1847,BEN,C1=CC=C(C=C1)C(=N)N,rdkit_descriptors+admet_ai,ok,ok,low,low,low,low,-0.5497685670852661,0.8169221878051758,0.5859165191650391,typical_cyp_max=0.205,0,A,"Oncology-relaxed: hERG/Ames/DILI/hep(ClinTox proxy) = advisory flags, not hard exclusion. admet_tier=A; merge ADMET with ev_composite_0_10=3.0 for final rank. | ADMET: reused from preliminary Top10 run when (cancer,drug) matched; EV score updated from Top15-EV run.",3.0,False,
brca,7,1073,5-Fluorouracil,FC1=CNC(=O)NC1=O,rdkit_descriptors+admet_ai,ok,ok,low,low,high,low,-1.2050069570541382,0.9636324048042296,0.873687744140625,typical_cyp_max=0.287,1,C,"Oncology-relaxed: hERG/Ames/DILI/hep(ClinTox proxy) = advisory flags, not hard exclusion. admet_tier=C; merge ADMET with ev_composite_0_10=2.0 for final rank. | ADMET: reused from preliminary Top10 run when (cancer,drug) matched; EV score updated from Top15-EV run.",2.0,False,
brca,8,1177,Niraparib,NC(=O)c1cccc2cn(-c3ccc([C@@H]4CCCNC4)cc3)nc12,rdkit_descriptors+admet_ai,ok,ok,high,moderate,high,high,-3.240081787109375,0.9891203045845032,0.808149516582489,typical_cyp_max=0.445,4,D,Oncology-relaxed flags; not hard exclusion. Restored-60 new prediction.,2.0,False,
brca,9,1736,Selumetinib,Cn1cnc2c(F)c(Nc3ccc(Br)cc3Cl)c(C(=O)NOCCO)cc21,rdkit_descriptors+admet_ai,ok,ok,moderate,high,high,low,-4.353720664978027,0.9983040690422058,0.8678903579711914,elevated_cyp_likelihood_max=0.654,3,D,Oncology-relaxed flags; not hard exclusion. Restored-60 new prediction.,2.0,False,
brca,10,2438,ascorbate (vitamin C),C(C(C1C(=C(C(=O)O1)[O-])O)O)O,rdkit_descriptors+admet_ai,ok,ok,low,low,moderate,low,-0.0235491283237934,0.8658957481384277,0.7885450720787048,typical_cyp_max=0.183,1,B,"Oncology-relaxed: hERG/Ames/DILI/hep(ClinTox proxy) = advisory flags, not hard exclusion. admet_tier=B; merge ADMET with ev_composite_0_10=1.0 for final rank. | ADMET: reused from preliminary Top10 run when (cancer,drug) matched; EV score updated from Top15-EV run.",1.0,False,
brca,11,1925,GDC0810,CCC(=C(C1=CC=C(C=C1)C=CC(=O)O)C2=CC3=C(C=C2)NN=C3)C4=C(C=C(C=C4)F)Cl,rdkit_descriptors+admet_ai,ok,ok,moderate,low,high,low,-6.598201751708984,0.9615095853805542,0.6567376852035522,elevated_cyp_likelihood_max=0.782,2,C,Oncology-relaxed flags; not hard exclusion. Restored-60 new prediction.,1.0,False,
brca,12,1615,CZC24832,CC(C)(C)NS(=O)(=O)C1=CN=CC(=C1)C2=CN3C(=NC(=N3)N)C(=C2)F,rdkit_descriptors+admet_ai,ok,ok,low,low,high,low,-3.2889678478240967,0.9990243911743164,0.9124866724014282,typical_cyp_max=0.547,1,C,"Oncology-relaxed: hERG/Ames/DILI/hep(ClinTox proxy) = advisory flags, not hard exclusion. admet_tier=C; merge ADMET with ev_composite_0_10=0.0 for final rank. | ADMET: reused from preliminary Top10 run when (cancer,drug) matched; EV score updated from Top15-EV run.",0.0,False,
brca,13,2360,THR-101,CC1=CC=CC=C1N2C(=O)C3=C(S2)C=C(C=C3)F,rdkit_descriptors+admet_ai,ok,ok,low,moderate,high,low,-4.421797275543213,0.9999942779541016,0.8044841885566711,elevated_cyp_likelihood_max=0.976,2,C,"Oncology-relaxed: hERG/Ames/DILI/hep(ClinTox proxy) = advisory flags, not hard exclusion. admet_tier=C; merge ADMET with ev_composite_0_10=0.0 for final rank. | ADMET: reused from preliminary Top10 run when (cancer,drug) matched; EV score updated from Top15-EV run.",0.0,False,
brca,14,1629,ML323,CC1=CN=C(N=C1NCC2=CC=C(C=C2)N3C=CN=N3)C4=CC=CC=C4C(C)C,rdkit_descriptors+admet_ai,ok,ok,high,moderate,high,low,-5.957520484924316,0.9999964833259583,0.9112130999565125,elevated_cyp_likelihood_max=0.980,3,D,Oncology-relaxed flags; not hard exclusion. Restored-60 new prediction.,0.0,False,
brca,15,1237,EPZ004777,CC(C)N(CCCNC(=O)NC1=CC=C(C=C1)C(C)(C)C)CC2C(C(C(O2)N3C=CC4=C(N=CN=C43)N)O)O,rdkit_descriptors+admet_ai,ok,ok,high,low,high,high,-3.7534542083740234,0.8158842921257019,0.6948462724685669,typical_cyp_max=0.529,3,D,Oncology-relaxed flags; not hard exclusion. Restored-60 new prediction.,0.0,False,
crc,1,1813,Fludarabine,Nc1nc(F)nc2c1ncn2[C@@H]1O[C@H](CO)[C@@H](O)[C@@H]1O,rdkit_descriptors+admet_ai,ok,ok,low,high,high,moderate,-1.5959755182266235,0.6934069991111755,0.6547127962112427,typical_cyp_max=0.215,3,D,"Oncology-relaxed: hERG/Ames/DILI/hep(ClinTox proxy) = advisory flags, not hard exclusion. admet_tier=D; merge ADMET with ev_composite_0_10=9.0 for final rank. | ADMET: reused from preliminary Top10 run when (cancer,drug) matched; EV score updated from Top15-EV run.",9.0,False,
crc,2,1512,Cyclophosphamide,O.O=P1(N(CCCl)CCCl)NCCCO1,rdkit_descriptors+admet_ai,ok,ok,low,high,low,low,-0.6381497979164124,0.9975805282592772,0.8740772008895874,elevated_cyp_likelihood_max=0.581,1,C,"Oncology-relaxed: hERG/Ames/DILI/hep(ClinTox proxy) = advisory flags, not hard exclusion. admet_tier=C; merge ADMET with ev_composite_0_10=8.0 for final rank. | ADMET: reused from preliminary Top10 run when (cancer,drug) matched; EV score updated from Top15-EV run.",8.0,False,
crc,3,1020,Lenalidomide,Nc1cccc2c1CN(C1CCC(=O)NC1=O)C2=O,rdkit_descriptors+admet_ai,ok,ok,low,moderate,high,low,-2.1779980659484863,0.9915310144424438,0.905232071876526,typical_cyp_max=0.250,2,C,"Oncology-relaxed: hERG/Ames/DILI/hep(ClinTox proxy) = advisory flags, not hard exclusion. admet_tier=C; merge ADMET with ev_composite_0_10=8.0 for final rank. | ADMET: reused from preliminary Top10 run when (cancer,drug) matched; EV score updated from Top15-EV run.",8.0,False,
crc,4,1005,Cisplatin,[H][N]([H])([H])[Pt](Cl)(Cl)[N]([H])([H])[H],rdkit_descriptors+admet_ai,ok,ok,low,high,low,low,-0.9973745346069336,0.9968740344047546,0.8801671862602234,elevated_cyp_likelihood_max=0.604,1,C,Oncology-relaxed flags; not hard exclusion. Restored-60 new prediction.,2.0,False,
crc,5,2498,alpha-lipoic acid,OC(=O)CCCC[C@@H]1CCSS1,rdkit_descriptors+admet_ai,ok,ok,low,low,low,low,-2.396314859390259,0.9690537452697754,0.8115013241767883,typical_cyp_max=0.353,0,A,"Oncology-relaxed: hERG/Ames/DILI/hep(ClinTox proxy) = advisory flags, not hard exclusion. admet_tier=A; merge ADMET with ev_composite_0_10=1.0 for final rank. | ADMET: reused from preliminary Top10 run when (cancer,drug) matched; EV score updated from Top15-EV run.",1.0,False,
crc,6,1557,LCL161,CN[C@@H](C)C(=O)N[C@H](C(=O)N1CCC[C@H]1c1nc(C(=O)c2ccc(F)cc2)cs1)C1CCCCC1,rdkit_descriptors+admet_ai,ok,ok,high,moderate,high,low,-3.942666530609131,0.9993629455566406,0.7351625561714172,elevated_cyp_likelihood_max=0.956,3,D,"Oncology-relaxed: hERG/Ames/DILI/hep(ClinTox proxy) = advisory flags, not hard exclusion. admet_tier=D; merge ADMET with ev_composite_0_10=1.0 for final rank. | ADMET: reused from preliminary Top10 run when (cancer,drug) matched; EV score updated from Top15-EV run.",1.0,False,
crc,7,1017,Olaparib,O=C(c1cc(Cc2n[nH]c(=O)c3ccccc23)ccc1F)N1CCN(C(=O)C2CC2)CC1,rdkit_descriptors+admet_ai,ok,ok,low,low,high,low,-4.037243366241455,0.9999000430107117,0.7539069652557373,elevated_cyp_likelihood_max=0.706,1,C,Oncology-relaxed flags; not hard exclusion. Restored-60 new prediction.,1.0,False,
crc,8,1799,Ibrutinib,C=CC(=O)N1CCC[C@@H](n2nc(-c3ccc(Oc4ccccc4)cc3)c3c(N)ncnc32)C1,rdkit_descriptors+admet_ai,ok,ok,high,moderate,high,low,-5.885564804077148,0.9991077184677124,0.8108517527580261,elevated_cyp_likelihood_max=0.697,3,D,Oncology-relaxed flags; not hard exclusion. Restored-60 new prediction.,1.0,False,
crc,9,1802,Zoledronate,OC(CN1C=CN=C1)(P(O)(O)=O)P(O)(O)=O,rdkit_descriptors+admet_ai,ok,ok,low,low,low,low,0.23500075936317444,0.038175392895936966,0.13973280787467957,typical_cyp_max=0.128,0,A,Oncology-relaxed flags; not hard exclusion. Restored-60 new prediction.,1.0,False,
crc,10,1598,LGK974,CC1=CC(=CN=C1C2=CC(=NC=C2)C)CC(=O)NC3=NC=C(C=C3)C4=NC=CN=C4,rdkit_descriptors+admet_ai,ok,ok,moderate,low,high,low,-3.803715467453003,0.9999955296516418,0.946710467338562,elevated_cyp_likelihood_max=0.976,2,C,Oncology-relaxed flags; not hard exclusion. Restored-60 new prediction.,1.0,False,
crc,11,1175,Rucaparib,CNCc1ccc(-c2[nH]c3cc(F)cc4c3c2CCNC4=O)cc1,rdkit_descriptors+admet_ai,ok,ok,high,high,high,high,-3.448176622390747,0.9983892440795898,0.9019973874092102,elevated_cyp_likelihood_max=0.722,4,D,Oncology-relaxed flags; not hard exclusion. Restored-60 new prediction.,1.0,False,
crc,12,1931,MIRA-1,CCC(=O)OCN1C(=O)C=CC1=O,rdkit_descriptors+admet_ai,ok,ok,low,high,moderate,low,-1.8057053089141848,0.999457061290741,0.8523746728897095,typical_cyp_max=0.482,2,C,"Oncology-relaxed: hERG/Ames/DILI/hep(ClinTox proxy) = advisory flags, not hard exclusion. admet_tier=C; merge ADMET with ev_composite_0_10=0.0 for final rank. | ADMET: reused from preliminary Top10 run when (cancer,drug) matched; EV score updated from Top15-EV run.",0.0,False,
crc,13,2359,GSK2830371,CC1=C(C=C(C=N1)Cl)NCC2=CC=C(S2)C(=O)NC(CC3CCCC3)C(=O)NC4CC4,rdkit_descriptors+admet_ai,ok,ok,high,low,high,moderate,-5.009568214416504,0.9999775886535645,0.6077853441238403,elevated_cyp_likelihood_max=0.990,3,D,"Oncology-relaxed: hERG/Ames/DILI/hep(ClinTox proxy) = advisory flags, not hard exclusion. admet_tier=D; merge ADMET with ev_composite_0_10=0.0 for final rank. | ADMET: reused from preliminary Top10 run when (cancer,drug) matched; EV score updated from Top15-EV run.",0.0,False,
crc,14,2043,BIBR-1532,CC(=CC(=O)NC1=CC=CC=C1C(=O)O)C2=CC3=CC=CC=C3C=C2,rdkit_descriptors+admet_ai,ok,ok,low,low,high,low,-5.345040321350098,0.9762223958969116,0.8364943265914917,typical_cyp_max=0.470,1,C,"Oncology-relaxed: hERG/Ames/DILI/hep(ClinTox proxy) = advisory flags, not hard exclusion. admet_tier=C; merge ADMET with ev_composite_0_10=0.0 for final rank. | ADMET: reused from preliminary Top10 run when (cancer,drug) matched; EV score updated from Top15-EV run.",0.0,False,
crc,15,1131,PRIMA-1MET,COCC1(CO)N2CCC(CC2)C1=O,rdkit_descriptors+admet_ai,ok,ok,low,moderate,low,low,0.1545452624559402,0.9991998672485352,0.8982185125350952,typical_cyp_max=0.272,1,B,"Oncology-relaxed: hERG/Ames/DILI/hep(ClinTox proxy) = advisory flags, not hard exclusion. admet_tier=B; merge ADMET with ev_composite_0_10=0.0 for final rank. | ADMET: reused from preliminary Top10 run when (cancer,drug) matched; EV score updated from Top15-EV run.",0.0,False,
luad,1,1018,Veliparib,C[C@]1(c2nc3c(C(N)=O)cccc3[nH]2)CCCN1,rdkit_descriptors+admet_ai,ok,ok,low,moderate,moderate,low,-2.451637506484986,0.9939810037612916,0.8253988027572632,typical_cyp_max=0.295,2,B,"Oncology-relaxed: hERG/Ames/DILI/hep(ClinTox proxy) = advisory flags, not hard exclusion. LUAD graph partial caveat preserved. admet_tier=B; merge ADMET with ev_composite_0_10=6.0 for final rank. | ADMET: reused from preliminary Top10 run when (cancer,drug) matched; EV score updated from Top15-EV run.",6.0,True,Graph component is partial for LUAD due to missing LUAD 2-model graph evaluations.
luad,2,1578,Leflunomide,Cc1oncc1C(=O)Nc1ccc(C(F)(F)F)cc1,rdkit_descriptors+admet_ai,ok,ok,low,low,high,low,-4.603642463684082,0.9999784231185912,0.932889461517334,elevated_cyp_likelihood_max=0.938,1,C,"Oncology-relaxed: hERG/Ames/DILI/hep(ClinTox proxy) = advisory flags, not hard exclusion. LUAD graph partial caveat preserved. admet_tier=C; merge ADMET with ev_composite_0_10=6.0 for final rank. | ADMET: reused from preliminary Top10 run when (cancer,drug) matched; EV score updated from Top15-EV run.",6.0,True,Graph component is partial for LUAD due to missing LUAD 2-model graph evaluations.
luad,3,1814,Nelarabine,COc1nc(N)nc2c1ncn2[C@@H]1O[C@H](CO)[C@@H](O)[C@@H]1O,rdkit_descriptors+admet_ai,ok,ok,low,high,high,moderate,-1.511808156967163,0.7196328043937683,0.6951022148132324,typical_cyp_max=0.198,3,D,"Oncology-relaxed: hERG/Ames/DILI/hep(ClinTox proxy) = advisory flags, not hard exclusion. LUAD graph partial caveat preserved. admet_tier=D; merge ADMET with ev_composite_0_10=5.0 for final rank. | ADMET: reused from preliminary Top10 run when (cancer,drug) matched; EV score updated from Top15-EV run.",5.0,True,Graph component is partial for LUAD due to missing LUAD 2-model graph evaluations.
luad,4,2499,N-acetyl cysteine,CC(=O)N[C@@H](CS)C(O)=O,rdkit_descriptors+admet_ai,ok,ok,low,moderate,low,low,-0.5795677900314331,0.7031264901161194,0.7449473142623901,typical_cyp_max=0.112,1,B,"Oncology-relaxed: hERG/Ames/DILI/hep(ClinTox proxy) = advisory flags, not hard exclusion. LUAD graph partial caveat preserved. admet_tier=B; merge ADMET with ev_composite_0_10=1.0 for final rank. | ADMET: reused from preliminary Top10 run when (cancer,drug) matched; EV score updated from Top15-EV run.",1.0,True,Graph component is partial for LUAD due to missing LUAD 2-model graph evaluations.
luad,5,1853,OF-1,CC1=C(C=CC(=C1)Br)S(=O)(=O)NC2=CC3=C(C=C2OC)N(C(=O)N3C)C,rdkit_descriptors+admet_ai,ok,ok,moderate,low,high,low,-4.669930934906006,0.999984622001648,0.8877648115158081,elevated_cyp_likelihood_max=0.919,2,C,Oncology-relaxed flags; not hard exclusion. Restored-60 new prediction.,1.0,True,Graph component is partial for LUAD due to missing LUAD 2-model graph evaluations.
luad,6,1816,Fulvestrant,C[C@]12CC[C@@H]3c4ccc(O)cc4C[C@@H](CCCCCCCCC[S+]([O-])CCCC(F)(F)C(F)(F)F)[C@H]3[C@@H]1CC[C@@H]2O,rdkit_descriptors+admet_ai,ok,ok,moderate,low,low,low,-5.456768989562988,0.9999980926513672,0.46789950132369995,elevated_cyp_likelihood_max=0.824,1,B,Oncology-relaxed flags; not hard exclusion. Restored-60 new prediction.,1.0,True,Graph component is partial for LUAD due to missing LUAD 2-model graph evaluations.
luad,7,1200,Fulvestrant,C[C@]12CC[C@@H]3c4ccc(O)cc4C[C@@H](CCCCCCCCC[S+]([O-])CCCC(F)(F)C(F)(F)F)[C@H]3[C@@H]1CC[C@@H]2O,rdkit_descriptors+admet_ai,ok,ok,moderate,low,low,low,-5.456768989562988,0.9999980926513672,0.46789950132369995,elevated_cyp_likelihood_max=0.824,1,B,Oncology-relaxed flags; not hard exclusion. Restored-60 new prediction.,1.0,True,Graph component is partial for LUAD due to missing LUAD 2-model graph evaluations.
luad,8,1199,Tamoxifen,CC/C(=C(\c1ccccc1)c1ccc(OCCN(C)C)cc1)c1ccccc1,rdkit_descriptors+admet_ai,ok,ok,high,low,moderate,moderate,-6.594684600830078,0.9992734789848328,0.7604617476463318,elevated_cyp_likelihood_max=0.796,3,C,Oncology-relaxed flags; not hard exclusion. Restored-60 new prediction.,0.0,True,Graph component is partial for LUAD due to missing LUAD 2-model graph evaluations.
luad,9,1510,Linsitinib,C[C@]1(O)C[C@@H](c2nc(-c3ccc4ccc(-c5ccccc5)nc4c3)c3c(N)nccn32)C1,rdkit_descriptors+admet_ai,ok,ok,high,high,high,high,-5.0962724685668945,0.9981271624565125,0.8493087887763977,elevated_cyp_likelihood_max=0.638,4,D,Oncology-relaxed flags; not hard exclusion. Restored-60 new prediction.,0.0,True,Graph component is partial for LUAD due to missing LUAD 2-model graph evaluations.
luad,10,2113,VTP-B,UNK,rdkit_descriptors+admet_ai,ok,fail,missing,missing,missing,missing,,,,missing,0,D,Oncology-relaxed flags; not hard exclusion. Restored-60 new prediction.,0.0,True,Graph component is partial for LUAD due to missing LUAD 2-model graph evaluations.
luad,11,1563,EPZ5676,CC(C)N(CC1C(C(C(O1)N2C=NC3=C(N=CN=C32)N)O)O)C4CC(C4)CCC5=NC6=C(N5)C=C(C=C6)C(C)(C)C,rdkit_descriptors+admet_ai,ok,ok,high,low,high,high,-3.841480255126953,0.8647529482841492,0.7740103006362915,elevated_cyp_likelihood_max=0.644,3,D,"Oncology-relaxed: hERG/Ames/DILI/hep(ClinTox proxy) = advisory flags, not hard exclusion. LUAD graph partial caveat preserved. admet_tier=D; merge ADMET with ev_composite_0_10=-1.0 for final rank. | ADMET: reused from preliminary Top10 run when (cancer,drug) matched; EV score updated from Top15-EV run.",-1.0,True,Graph component is partial for LUAD due to missing LUAD 2-model graph evaluations.
luad,12,1620,PFI3,C1C2CN(C1CN2C3=CC=CC=N3)C=CC(=O)C4=CC=CC=C4O,rdkit_descriptors+admet_ai,ok,ok,moderate,low,high,low,-4.895167350769043,0.9996441602706908,0.7556553483009338,elevated_cyp_likelihood_max=0.811,2,C,"Oncology-relaxed: hERG/Ames/DILI/hep(ClinTox proxy) = advisory flags, not hard exclusion. LUAD graph partial caveat preserved. admet_tier=C; merge ADMET with ev_composite_0_10=-1.0 for final rank. | ADMET: reused from preliminary Top10 run when (cancer,drug) matched; EV score updated from Top15-EV run.",-1.0,True,Graph component is partial for LUAD due to missing LUAD 2-model graph evaluations.
luad,13,1043,JNK Inhibitor VIII,CCOC1=C(C(=CC(=N1)NC(=O)CC2=C(C=CC(=C2)OC)OC)N)C#N,rdkit_descriptors+admet_ai,ok,ok,moderate,low,high,low,-5.681005954742432,0.9999434351921082,0.8579086065292358,elevated_cyp_likelihood_max=0.865,2,C,Oncology-relaxed flags; not hard exclusion. Restored-60 new prediction.,-1.0,True,Graph component is partial for LUAD due to missing LUAD 2-model graph evaluations.
luad,14,1067,CCT007093,C1CC(=CC2=CC=CS2)C(=O)C1=CC3=CC=CS3,rdkit_descriptors+admet_ai,ok,ok,low,high,high,low,-5.366419792175293,0.9999862909317017,0.5191465020179749,elevated_cyp_likelihood_max=0.993,2,D,Oncology-relaxed flags; not hard exclusion. Restored-60 new prediction.,-1.0,True,Graph component is partial for LUAD due to missing LUAD 2-model graph evaluations.
luad,15,2057,Remodelin,C1CCC(=NNC2=NC(=CS2)C3=CC=C(C=C3)C#N)C1,rdkit_descriptors+admet_ai,ok,ok,moderate,high,high,low,-4.6204633712768555,0.9999368786811828,0.7887341380119324,elevated_cyp_likelihood_max=0.964,3,D,"Oncology-relaxed: hERG/Ames/DILI/hep(ClinTox proxy) = advisory flags, not hard exclusion. LUAD graph partial caveat preserved. admet_tier=D; merge ADMET with ev_composite_0_10=-1.0 for final rank. | ADMET: reused from preliminary Top10 run when (cancer,drug) matched; EV score updated from Top15-EV run.",-1.0,True,Graph component is partial for LUAD due to missing LUAD 2-model graph evaluations.
stad,1,1815,Dacarbazine,CN(C)/N=N/c1[nH]cnc1C(N)=O,rdkit_descriptors+admet_ai,ok,ok,low,high,high,low,-1.433595061302185,0.9963404536247252,0.952123999595642,typical_cyp_max=0.322,2,D,"Oncology-relaxed: hERG/Ames/DILI/hep(ClinTox proxy) = advisory flags, not hard exclusion. admet_tier=D; merge ADMET with ev_composite_0_10=8.0 for final rank. | ADMET: reused from preliminary Top10 run when (cancer,drug) matched; EV score updated from Top15-EV run.",8.0,False,
stad,2,1029,Motesanib,CC1(C)CNc2cc(NC(=O)c3cccnc3NCc3ccncc3)ccc21,rdkit_descriptors+admet_ai,ok,ok,high,low,high,low,-4.8763427734375,0.9999983906745912,0.7738667130470276,elevated_cyp_likelihood_max=0.999,2,D,"Oncology-relaxed: hERG/Ames/DILI/hep(ClinTox proxy) = advisory flags, not hard exclusion. admet_tier=D; merge ADMET with ev_composite_0_10=6.0 for final rank. | ADMET: reused from preliminary Top10 run when (cancer,drug) matched; EV score updated from Top15-EV run.",6.0,False,
stad,3,1009,Tretinoin,CC1=C(/C=C/C(C)=C/C=C/C(C)=C/C(=O)O)C(C)(C)CCC1,rdkit_descriptors+admet_ai,ok,ok,low,moderate,low,low,-5.004724025726318,0.9447776079177856,0.526069164276123,elevated_cyp_likelihood_max=0.689,1,B,"Oncology-relaxed: hERG/Ames/DILI/hep(ClinTox proxy) = advisory flags, not hard exclusion. admet_tier=B; merge ADMET with ev_composite_0_10=6.0 for final rank. | ADMET: reused from preliminary Top10 run when (cancer,drug) matched; EV score updated from Top15-EV run.",6.0,False,
stad,4,1042,Doramapimod,Cc1ccc(-n2nc(C(C)(C)C)cc2NC(=O)Nc2ccc(OCCN3CCOCC3)c3ccccc23)cc1,rdkit_descriptors+admet_ai,ok,ok,high,moderate,high,high,-5.784689426422119,0.9985828399658204,0.8613988757133484,elevated_cyp_likelihood_max=0.835,4,D,"Oncology-relaxed: hERG/Ames/DILI/hep(ClinTox proxy) = advisory flags, not hard exclusion. admet_tier=D; merge ADMET with ev_composite_0_10=5.0 for final rank. | ADMET: reused from preliminary Top10 run when (cancer,drug) matched; EV score updated from Top15-EV run.",5.0,False,
stad,5,1033,Vismodegib,CS(=O)(=O)c1ccc(C(=O)Nc2ccc(Cl)c(-c3ccccn3)c2)c(Cl)c1,rdkit_descriptors+admet_ai,ok,ok,low,low,high,low,-4.835108757019043,0.9993812441825867,0.9071444272994995,elevated_cyp_likelihood_max=0.653,1,C,Oncology-relaxed flags; not hard exclusion. Restored-60 new prediction.,1.0,False,
stad,6,1549,Sapitinib,CNC(=O)CN1CCC(Oc2cc3c(Nc4cccc(Cl)c4F)ncnc3cc2OC)CC1,rdkit_descriptors+admet_ai,ok,ok,high,low,high,high,-4.251908302307129,0.9992653131484985,0.8849565386772156,elevated_cyp_likelihood_max=0.727,3,D,Oncology-relaxed flags; not hard exclusion. Restored-60 new prediction.,1.0,False,
stad,7,1013,Nilotinib,Cc1cn(-c2cc(NC(=O)c3ccc(C)c(Nc4nccc(-c5cccnc5)n4)c3)cc(C(F)(F)F)c2)cn1,rdkit_descriptors+admet_ai,ok,ok,high,low,high,moderate,-4.990272521972656,0.9999841451644897,0.9386149644851685,elevated_cyp_likelihood_max=0.996,3,D,Oncology-relaxed flags; not hard exclusion. Restored-60 new prediction.,1.0,False,
stad,8,1918,AZD8186,C[C@@H](Nc1cc(F)cc(F)c1)c1cc(C(=O)N(C)C)cc2c(=O)cc(N3CCOCC3)oc12,rdkit_descriptors+admet_ai,ok,ok,high,low,high,moderate,-4.125503063201904,0.9998676180839539,0.9232338070869446,elevated_cyp_likelihood_max=0.806,3,D,Oncology-relaxed flags; not hard exclusion. Restored-60 new prediction.,1.0,False,
stad,9,2439,glutathione,N[C@@H](CCC(=O)N[C@@H](CS)C(=O)NCC(=O)O)C(=O)O,rdkit_descriptors+admet_ai,ok,ok,low,high,low,low,-1.2328661680221558,0.0268188770860433,0.320930004119873,typical_cyp_max=0.043,1,C,"Oncology-relaxed: hERG/Ames/DILI/hep(ClinTox proxy) = advisory flags, not hard exclusion. admet_tier=C; merge ADMET with ev_composite_0_10=0.0 for final rank. | ADMET: reused from preliminary Top10 run when (cancer,drug) matched; EV score updated from Top15-EV run.",0.0,False,
stad,10,1025,SB216763,Cn1cc(C2=C(c3ccc(Cl)cc3Cl)C(=O)NC2=O)c2ccccc21,rdkit_descriptors+admet_ai,ok,ok,low,low,high,low,-6.6959404945373535,0.9996689558029176,0.740013062953949,elevated_cyp_likelihood_max=0.687,1,C,"Oncology-relaxed: hERG/Ames/DILI/hep(ClinTox proxy) = advisory flags, not hard exclusion. admet_tier=C; merge ADMET with ev_composite_0_10=0.0 for final rank. | ADMET: reused from preliminary Top10 run when (cancer,drug) matched; EV score updated from Top15-EV run.",0.0,False,
stad,11,1852,LY2109761,C1CC2=C(C(=NN2C1)C3=CC=CC=N3)C4=C5C=CC(=CC5=NC=C4)OCCN6CCOCC6,rdkit_descriptors+admet_ai,ok,ok,high,moderate,high,high,-3.828536987304687,0.9995489120483398,0.8711603879928589,elevated_cyp_likelihood_max=0.728,4,D,"Oncology-relaxed: hERG/Ames/DILI/hep(ClinTox proxy) = advisory flags, not hard exclusion. admet_tier=D; merge ADMET with ev_composite_0_10=0.0 for final rank. | ADMET: reused from preliminary Top10 run when (cancer,drug) matched; EV score updated from Top15-EV run.",0.0,False,
stad,12,1449,AZD1208,NC1CCCN(c2c(/C=C3/SC(=O)NC3=O)cccc2-c2ccccc2)C1,rdkit_descriptors+admet_ai,ok,ok,moderate,moderate,high,low,-5.117555141448975,0.9971944093704224,0.8244880437850952,elevated_cyp_likelihood_max=0.659,3,C,"Oncology-relaxed: hERG/Ames/DILI/hep(ClinTox proxy) = advisory flags, not hard exclusion. admet_tier=C; merge ADMET with ev_composite_0_10=0.0 for final rank. | ADMET: reused from preliminary Top10 run when (cancer,drug) matched; EV score updated from Top15-EV run.",0.0,False,
stad,13,1580,GSK2801,CCCOC1=CC2=C(C=C(N2C=C1)C(=O)C)C3=CC=CC=C3S(=O)(=O)C,rdkit_descriptors+admet_ai,ok,ok,moderate,low,high,low,-5.113621711730957,0.9999418258666992,0.9512773752212524,elevated_cyp_likelihood_max=0.943,2,C,Oncology-relaxed flags; not hard exclusion. Restored-60 new prediction.,0.0,False,
stad,14,1030,KU-55933,O=c1cc(-c2cccc3c2Sc2ccccc2S3)oc(N2CCOCC2)c1,rdkit_descriptors+admet_ai,ok,ok,moderate,low,high,low,-5.699481010437012,0.9999763369560242,0.8435769081115723,elevated_cyp_likelihood_max=0.864,2,C,Oncology-relaxed flags; not hard exclusion. Restored-60 new prediction.,0.0,False,
stad,15,1854,MN-64,CC(C)C1=CC=C(C=C1)C2=CC(=O)C3=CC=CC=C3O2,rdkit_descriptors+admet_ai,ok,ok,moderate,low,high,low,-5.8554511070251465,0.9999947547912598,0.8400433659553528,elevated_cyp_likelihood_max=0.931,2,C,Oncology-relaxed flags; not hard exclusion. Restored-60 new prediction.,0.0,False,
