patient_barcode,cluster,pca1,pca2,patientId,AGE,AJCC_PATHOLOGIC_TUMOR_STAGE,AJCC_STAGING_EDITION,BUFFA_HYPOXIA_SCORE,CANCER_TYPE_ACRONYM,DAYS_LAST_FOLLOWUP,DAYS_TO_BIRTH,DAYS_TO_INITIAL_PATHOLOGIC_DIAGNOSIS,DFS_MONTHS,DFS_STATUS,DSS_MONTHS,DSS_STATUS,ETHNICITY,FORM_COMPLETION_DATE,GENETIC_ANCESTRY_LABEL,HISTORY_NEOADJUVANT_TRTYN,ICD_10,ICD_O_3_HISTOLOGY,ICD_O_3_SITE,INFORMED_CONSENT_VERIFIED,IN_PANCANPATHWAYS_FREEZE,NEW_TUMOR_EVENT_AFTER_INITIAL_TREATMENT,OS_MONTHS,OS_STATUS,OTHER_PATIENT_ID,PATH_M_STAGE,PATH_N_STAGE,PATH_T_STAGE,PERSON_NEOPLASM_CANCER_STATUS,PFS_MONTHS,PFS_STATUS,PRIMARY_LYMPH_NODE_PRESENTATION_ASSESSMENT,PRIOR_DX,RACE,RADIATION_THERAPY,RAGNUM_HYPOXIA_SCORE,SAMPLE_COUNT,SEX,SUBTYPE,WEIGHT,WINTER_HYPOXIA_SCORE,APC_mut,TP53_mut,KRAS_mut,PIK3CA_mut,SMAD4_mut,BRAF_mut,MLH1_mut,MSH2_mut,MSH6_mut,PMS2_mut,EPCAM_mut,MMR_any_mut,MSI_class,CMS_or_SUBTYPE
TCGA-3L-AA1B,1,-3.3395267,6.0642467,TCGA-3L-AA1B,61,STAGE I,7TH,5,COAD,475,-22379,0,15.61626722,0:DiseaseFree,15.61626722,0:ALIVE OR DEAD TUMOR FREE,Not Hispanic Or Latino,4/22/14,AFR_ADMIX,No,C18.0,8140/3,C18.0,Yes,Yes,No,15.61626722,0:LIVING,A94E1279-A975-480A-93E9-7B1FF05CBCBF,M0,N0,T2,Tumor Free,15.61626722,0:CENSORED,Yes,No,Black or African American,No,4,1,Female,COAD_CIN,63.3,-12,True,False,False,True,False,True,False,False,False,False,False,False,Unknown,COAD_CIN
TCGA-4N-A93T,1,-17.874508,-2.34934,TCGA-4N-A93T,67,STAGE IIIB,7TH,-15,COAD,146,-24523,0,,,4.799947398,0:ALIVE OR DEAD TUMOR FREE,Not Hispanic Or Latino,10/1/14,AFR,No,C18.2,8140/3,C18.2,Yes,Yes,No,4.799947398,0:LIVING,92554413-9EBC-4354-8E1B-9682F3A031D9,M0,N1B,T4A,With Tumor,4.799947398,0:CENSORED,Yes,No,Black or African American,No,-6,1,Male,COAD_CIN,134,-6,False,True,True,False,False,False,False,False,False,False,False,False,Unknown,COAD_CIN
TCGA-5M-AAT4,1,-4.1098003,1.2665662,TCGA-5M-AAT4,74,STAGE IV,6TH,35,COAD,,-27095,0,,,1.61094125,1:DEAD WITH TUMOR,Hispanic Or Latino,1/27/15,AFR,No,C18.2,8140/3,C18.2,Yes,Yes,No,1.61094125,1:DECEASED,1136DD50-242A-4659-AAD4-C53F9E759BB3,M1B,N0,T3,With Tumor,1.61094125,1:PROGRESSION,Yes,No,Black or African American,No,16,1,Male,COAD_CIN,,32,True,True,True,True,False,False,False,False,False,False,False,False,Unknown,COAD_CIN
TCGA-5M-AAT6,1,-5.5478854,-1.1158646,TCGA-5M-AAT6,40,STAGE IV,6TH,17,COAD,,-14852,0,,,9.534142092,1:DEAD WITH TUMOR,Hispanic Or Latino,1/27/15,AFR,No,C18.2,8140/3,C18.2,Yes,Yes,Yes,9.534142092,1:DECEASED,CE00896A-F7D2-4123-BB95-24CB6E53FC32,M1A,N2B,T4A,With Tumor,7.199921097,1:PROGRESSION,Yes,No,Black or African American,No,14,1,Female,COAD_MSI,99.1,24,True,False,True,False,False,False,False,True,False,False,False,True,MSI-H_proxy,COAD_MSI
TCGA-5M-AATE,1,-1.256159,0.15583307,TCGA-5M-AATE,76,STAGE IIA,7TH,15,COAD,1200,-27870,0,,,39.45162245,0:ALIVE OR DEAD TUMOR FREE,Hispanic Or Latino,1/27/15,,No,C18.2,8140/3,C18.2,Yes,Yes,Yes,39.45162245,0:LIVING,A54B322B-80D3-435C-8D14-25841B741F6C,M0,N0,T3,With Tumor,26.62984515,1:PROGRESSION,Yes,No,Black or African American,No,10,1,Male,COAD_CIN,75.4,-6,True,True,True,True,False,False,False,False,False,False,False,False,Unknown,COAD_CIN
TCGA-A6-2674,1,-18.50889,-6.344873,TCGA-A6-2674,71,STAGE IV,6TH,,COAD,1331,-26292,0,,,43.75842457,0:ALIVE OR DEAD TUMOR FREE,Not Hispanic Or Latino,10/15/10,EUR,No,C18.7,8480/3,C18.7,Yes,No,Yes,43.75842457,0:LIVING,57cdaa1c-4e94-4a28-ab3b-300c0457555f,M1,N2,T3,Tumor Free,24.16411875,1:PROGRESSION,Yes,No,White,No,,1,Male,,85.6,,True,True,True,True,False,False,False,False,False,False,False,False,Unknown,Unknown
TCGA-A6-2675,1,-22.035166,-10.561875,TCGA-A6-2675,78,STAGE IIA,6TH,3,COAD,1321,-28813,0,43.42966105,0:DiseaseFree,43.42966105,0:ALIVE OR DEAD TUMOR FREE,Not Hispanic Or Latino,6/30/11,EUR,No,C18.7,8140/3,C18.7,Yes,Yes,No,43.42966105,0:LIVING,07dc5a1d-64b7-42ba-928e-9753bd533c1e,MX,N0,T3,Tumor Free,43.42966105,0:CENSORED,Yes,No,White,No,-8,1,Male,COAD_CIN,71.3,6,True,True,False,False,False,False,False,False,False,False,False,False,Unknown,COAD_CIN
TCGA-A6-3810,1,-19.544985,-6.42646,TCGA-A6-3810,62,STAGE IIA,,,COAD,1111,-22999,0,36.52562712,0:DiseaseFree,36.52562712,0:ALIVE OR DEAD TUMOR FREE,Not Hispanic Or Latino,10/19/10,EUR,No,C18.9,8140/3,C18.9,Yes,No,No,36.52562712,0:LIVING,b728e6e8-a0e4-496b-904c-6f07c12e901f,M0,N0,T3,Tumor Free,36.52562712,0:CENSORED,Yes,No,White,No,,1,Male,,122.7,,True,True,False,False,False,False,False,False,False,False,False,False,Unknown,Unknown
TCGA-A6-4107,1,-15.68359,-4.925631,TCGA-A6-4107,57,STAGE IIIB,7TH,,COAD,987,-21064,0,32.44895946,0:DiseaseFree,32.44895946,0:ALIVE OR DEAD TUMOR FREE,Not Hispanic Or Latino,2/4/11,EUR,No,C18.2,8140/3,C18.2,Yes,Yes,No,32.44895946,0:LIVING,b079a153-62f9-4026-a2f8-a1390168bbb9,M0,N1B,T3,Tumor Free,32.44895946,0:CENSORED,Yes,No,White,No,,1,Female,COAD_CIN,91.8,,False,False,True,True,False,False,False,False,False,False,False,False,Unknown,COAD_CIN
TCGA-A6-5657,1,-15.648866,-7.030367,TCGA-A6-5657,65,STAGE IIIB,,27,COAD,962,-23920,0,31.62705066,0:DiseaseFree,31.62705066,0:ALIVE OR DEAD TUMOR FREE,Not Hispanic Or Latino,5/31/11,AFR,No,C18.9,8140/3,C18.9,Yes,Yes,No,31.62705066,0:LIVING,dbbee8f5-d83d-4195-85cf-f89d327da0a9,M0,N1,T3,Tumor Free,31.62705066,0:CENSORED,Yes,No,Black or African American,No,16,1,Male,COAD_CIN,99.6,22,True,False,True,True,False,False,False,False,False,False,False,False,Unknown,COAD_CIN
TCGA-A6-5659,1,-10.175109,-5.963425,TCGA-A6-5659,82,STAGE I,,25,COAD,926,-30028,0,30.44350199,0:DiseaseFree,30.44350199,0:ALIVE OR DEAD TUMOR FREE,Not Hispanic Or Latino,5/26/11,EUR,No,C18.2,8140/3,C18.2,Yes,No,No,30.44350199,0:LIVING,98d45099-feae-4dad-aa38-ec03fed6d999,M0,N0,T2,Tumor Free,30.44350199,0:CENSORED,Yes,No,White,No,22,1,Male,,117.1,22,True,True,True,True,False,False,False,False,False,False,False,False,Unknown,Unknown
TCGA-A6-5661,1,-17.442719,-6.6021714,TCGA-A6-5661,80,STAGE IIA,,31,COAD,1020,-29446,0,33.53387908,0:DiseaseFree,33.53387908,0:ALIVE OR DEAD TUMOR FREE,Not Hispanic Or Latino,5/27/11,AFR,No,C18.2,8140/3,C18.2,Yes,Yes,No,33.53387908,0:LIVING,4beee9d4-ee52-4fed-bcc4-d300f5ddd4d0,M0,N0,T3,Tumor Free,33.53387908,0:CENSORED,Yes,No,Black or African American,No,22,1,Female,COAD_MSI,69.1,34,False,False,False,False,False,True,False,False,False,False,False,False,MSI-H_proxy,COAD_MSI
TCGA-A6-5665,1,-18.139875,-4.075466,TCGA-A6-5665,84,STAGE IIA,7TH,41,COAD,671,-30915,0,,,22.06003222,0:ALIVE OR DEAD TUMOR FREE,Not Hispanic Or Latino,5/20/11,EUR,No,C18.2,8140/3,C18.2,Yes,Yes,Yes,22.06003222,0:LIVING,4c6c8d3d-e4a3-490a-9211-cfbe7e6ee25b,M0,N0,T3,Tumor Free,17.39159023,1:PROGRESSION,Yes,No,White,No,20,1,Female,COAD_MSI,90.8,42,False,False,False,False,False,True,False,False,False,False,False,False,MSI-H_proxy,COAD_MSI
TCGA-A6-5666,1,-13.611361,-3.4179296,TCGA-A6-5666,78,STAGE IIC,,29,COAD,995,-28514,0,16.73406319,1:Recurred/Progressed,32.71197028,0:ALIVE OR DEAD TUMOR FREE,Not Hispanic Or Latino,5/26/11,EUR,No,C18.9,8140/3,C18.9,Yes,Yes,Yes,32.71197028,0:LIVING,25c3201a-3dd5-4edf-ad09-104e5c10663e,M0,N0,T4B,Tumor Free,16.73406319,1:PROGRESSION,Yes,No,White,No,22,1,Male,COAD_CIN,95.4,18,True,False,True,True,False,False,False,False,False,False,False,False,Unknown,COAD_CIN
TCGA-A6-6140,1,-16.355057,-4.583426,TCGA-A6-6140,62,STAGE IIA,,25,COAD,734,-22835,0,24.1312424,0:DiseaseFree,24.1312424,0:ALIVE OR DEAD TUMOR FREE,Not Hispanic Or Latino,6/14/11,EUR,No,C18.6,8140/3,C18.6,Yes,No,No,24.1312424,0:LIVING,21ddbfaa-1b21-4a2b-be2c-237dd69b20ff,M0,N0,T3,Tumor Free,24.1312424,0:CENSORED,Yes,No,White,No,22,1,Male,,78.9,4,False,False,False,False,False,False,False,False,False,False,False,False,Unknown,Unknown
TCGA-A6-6648,1,-15.814019,-7.1616855,TCGA-A6-6648,56,STAGE IVA,7TH,9,COAD,766,-20641,0,,,25.18328566,0:ALIVE OR DEAD TUMOR FREE,Not Hispanic Or Latino,6/16/11,EUR,No,C18.6,8140/3,C18.6,Yes,Yes,Yes,25.18328566,0:LIVING,65056295-8fcd-4f82-a3c9-a5acd79521fe,M1A,N0,T3,Tumor Free,22.5531775,1:PROGRESSION,Yes,No,White,No,14,1,Male,COAD_CIN,87,12,True,False,False,False,False,False,False,False,False,False,False,False,Unknown,COAD_CIN
TCGA-A6-6649,1,-18.072914,-6.410068,TCGA-A6-6649,66,STAGE IIIB,,-3,COAD,735,-24237,0,24.16411875,0:DiseaseFree,24.16411875,0:ALIVE OR DEAD TUMOR FREE,Not Hispanic Or Latino,6/9/11,EUR,No,C18.2,8140/3,C18.2,Yes,Yes,No,24.16411875,0:LIVING,39b6ae01-c97b-4234-8a28-208fdf170432,M0,N1B,T3,Tumor Free,24.16411875,0:CENSORED,Yes,Yes,White,No,12,1,Male,COAD_CIN,106,0,False,True,False,False,False,True,False,False,False,False,False,False,Unknown,COAD_CIN
TCGA-A6-6651,1,-20.6168,-8.519137,TCGA-A6-6651,55,STAGE IIIB,7TH,-3,COAD,662,-20110,0,,,21.76414505,0:ALIVE OR DEAD TUMOR FREE,Not Hispanic Or Latino,9/7/11,EUR_ADMIX,No,C18.9,8140/3,C18.9,Yes,Yes,No,21.76414505,0:LIVING,0ec6ed47-db99-4273-9823-ffbde6a77091,MX,N1B,T3,Tumor Free,21.76414505,0:CENSORED,Yes,No,White,No,16,1,Female,COAD_CIN,88.5,-6,False,True,False,False,False,False,False,False,False,False,False,False,Unknown,COAD_CIN
TCGA-A6-6653,1,-14.300243,-7.447954,TCGA-A6-6653,82,STAGE I,7TH,37,COAD,742,-29996,0,24.39425321,0:DiseaseFree,24.39425321,0:ALIVE OR DEAD TUMOR FREE,Not Hispanic Or Latino,6/10/11,EUR,No,C18.9,8140/3,C18.9,Yes,Yes,,24.39425321,0:LIVING,68801d41-535f-4b38-989b-ef4fe5f00039,M0,N0,T2,Tumor Free,24.39425321,0:CENSORED,Yes,No,White,No,24,1,Male,COAD_MSI,98.3,34,False,False,True,False,False,True,False,False,False,False,False,False,MSI-H_proxy,COAD_MSI
TCGA-A6-A5ZU,1,-6.80017,-6.217368,TCGA-A6-A5ZU,59,STAGE IIIB,7TH,3,COAD,293,-21554,0,9.632771148,0:DiseaseFree,9.632771148,0:ALIVE OR DEAD TUMOR FREE,Not Hispanic Or Latino,5/15/13,AFR,No,C18.4,8140/3,C18.4,Yes,No,No,9.632771148,0:LIVING,4881A390-C4E4-48B4-AE66-140C64A87614,M0,N1,T3,Tumor Free,9.632771148,0:CENSORED,Yes,No,Black or African American,No,-6,1,Male,,99.1,10,False,False,False,False,False,False,False,False,False,False,False,False,Unknown,Unknown
TCGA-AA-3492,0,11.043277,52.567818,TCGA-AA-3492,90,STAGE II,5TH,25,COAD,0,-32871,0,,,3.024624388,0:ALIVE OR DEAD TUMOR FREE,,5/18/10,EUR,No,C18.2,8140/3,C18.2,Yes,Yes,No,3.024624388,1:DECEASED,85e95dda-6198-464a-9187-fd0832bebb72,M0,N0,T3,With Tumor,3.024624388,0:CENSORED,Yes,No,,No,14,1,Female,COAD_MSI,,32,False,True,False,False,False,True,False,True,False,False,False,True,MSI-H_proxy,COAD_MSI
TCGA-AA-3494,0,13.197699,51.439556,TCGA-AA-3494,55,STAGE IV,5TH,,COAD,31,-20089,0,,,1.019166913,0:ALIVE OR DEAD TUMOR FREE,,5/18/10,EUR,No,C18.9,8140/3,C18.9,Yes,No,,1.019166913,0:LIVING,67ba29e7-f294-4dcd-9630-ad768c22c588,M1,N0,T3,With Tumor,1.019166913,0:CENSORED,Yes,No,,,,1,Male,,,,False,False,False,False,False,False,False,False,False,False,False,False,Unknown,Unknown
TCGA-AA-3506,0,10.515916,56.668102,TCGA-AA-3506,77,STAGE I,5TH,25,COAD,1765,-28275,0,,,58.02676135,0:ALIVE OR DEAD TUMOR FREE,,5/18/10,EUR,No,C18.9,8140/3,C18.9,Yes,Yes,,58.02676135,0:LIVING,28033279-cc74-4775-afdf-2497f6ddb55c,M0,N0,T2,With Tumor,58.02676135,0:CENSORED,Yes,Yes,,No,18,1,Male,COAD_GS,,22,True,False,True,False,False,False,False,False,False,False,False,False,Unknown,COAD_GS
TCGA-AA-3511,0,11.567936,59.51585,TCGA-AA-3511,64,STAGE II,5TH,15,COAD,212,-23407,0,1.93970477,1:Recurred/Progressed,6.969786633,0:ALIVE OR DEAD TUMOR FREE,,5/18/10,EUR,No,C18.9,8140/3,C18.9,Yes,Yes,Yes,6.969786633,0:LIVING,93edb105-5dc9-4a4a-9fca-c91f0161fcc7,M0,N0,T4,,1.93970477,1:PROGRESSION,Yes,No,,No,10,1,Male,COAD_CIN,,2,True,True,True,False,False,False,False,False,False,False,False,False,Unknown,COAD_CIN
TCGA-AA-3514,2,21.51592,-6.796847,TCGA-AA-3514,81,STAGE I,6TH,,COAD,31,-29738,0,,,1.019166913,0:ALIVE OR DEAD TUMOR FREE,,5/18/10,EUR,No,C18.9,8140/3,C18.9,Yes,No,,1.019166913,0:LIVING,ddf69ed9-4c53-48b8-9f01-495bd60c3425,M0,N0,T2,With Tumor,1.019166913,0:CENSORED,Yes,No,,No,,1,Female,,,,False,False,False,False,False,False,False,False,False,False,False,False,Unknown,Unknown
TCGA-AA-3517,2,22.102798,-5.264448,TCGA-AA-3517,60,STAGE IIA,6TH,,COAD,1186,-22099,0,26.99148503,1:Recurred/Progressed,38.99135352,0:ALIVE OR DEAD TUMOR FREE,,5/18/10,EUR,No,C18.9,8140/3,C18.9,Yes,No,Yes,38.99135352,0:LIVING,c4d74653-d26b-4e51-aee0-82ee3d42f883,M0,N0,T3,With Tumor,26.99148503,1:PROGRESSION,Yes,No,,No,,1,Male,,,,False,False,False,False,False,False,False,False,False,False,False,False,Unknown,Unknown
TCGA-AA-3521,2,23.609858,-6.3484535,TCGA-AA-3521,87,STAGE II,5TH,,COAD,,-31805,0,,,,0:ALIVE OR DEAD TUMOR FREE,,5/18/10,EUR,No,C18.7,8140/3,C18.7,Yes,No,,,0:LIVING,ad440651-a2de-4bb1-90da-1e5e8975ab59,M0,N0,T3,With Tumor,,0:CENSORED,Yes,Yes,,,,1,Male,,,,False,False,False,False,False,False,False,False,False,False,False,False,Unknown,Unknown
TCGA-AA-3524,2,22.019537,-3.4803565,TCGA-AA-3524,85,STAGE II,5TH,,COAD,1096,-31197,0,36.03248184,0:DiseaseFree,36.03248184,0:ALIVE OR DEAD TUMOR FREE,,5/18/10,EUR,No,C18.7,8140/3,C18.7,Yes,No,No,36.03248184,0:LIVING,03efbc94-a43d-4db0-9377-e397348430a6,M0,N0,T3,With Tumor,36.03248184,0:CENSORED,Yes,Yes,,No,,1,Male,,,,False,False,False,False,False,False,False,False,False,False,False,False,Unknown,Unknown
TCGA-AA-3530,2,19.956516,-3.6930869,TCGA-AA-3530,80,STAGE I,6TH,,COAD,580,-29402,0,19.06828418,0:DiseaseFree,19.06828418,0:ALIVE OR DEAD TUMOR FREE,,5/18/10,EUR,No,C18.2,8140/3,C18.2,Yes,No,No,19.06828418,0:LIVING,1ad0b9b9-7ded-4281-b114-9dcc6138c037,M0,N0,T2,With Tumor,19.06828418,0:CENSORED,Yes,Yes,,No,,1,Male,,,,True,False,True,False,True,False,False,False,False,False,False,False,Unknown,Unknown
TCGA-AA-3532,2,11.441903,-5.364395,TCGA-AA-3532,63,STAGE IIA,6TH,,COAD,882,-23133,0,,,28.9969425,0:ALIVE OR DEAD TUMOR FREE,,5/18/10,EUR,No,C18.9,8140/3,C18.9,Yes,No,,28.9969425,0:LIVING,aa85d9e8-caa6-422c-95ce-780e4ac2a5e4,M0,N0,T3,With Tumor,28.9969425,0:CENSORED,Yes,No,,No,,1,Male,,,,False,False,False,False,False,False,False,False,True,False,False,True,Unknown,Unknown
TCGA-AA-3534,2,6.4701076,-8.9507885,TCGA-AA-3534,78,STAGE IIA,6TH,,COAD,882,-28489,0,28.9969425,0:DiseaseFree,28.9969425,0:ALIVE OR DEAD TUMOR FREE,,5/18/10,EUR,No,C18.2,8140/3,C18.2,Yes,No,No,28.9969425,0:LIVING,df228c56-89ac-4122-93b3-6c0740c4ec09,M0,N0,T3,With Tumor,28.9969425,0:CENSORED,Yes,No,,No,,1,Female,,,,False,False,False,False,False,False,False,False,False,False,False,False,Unknown,Unknown
TCGA-AA-3538,2,8.376796,-7.058603,TCGA-AA-3538,54,STAGE I,6TH,,COAD,791,-19752,0,26.00519446,0:DiseaseFree,26.00519446,0:ALIVE OR DEAD TUMOR FREE,,5/18/10,EUR,No,C18.7,8140/3,C18.7,Yes,No,No,26.00519446,0:LIVING,c594196e-49ef-4195-a6b6-4ef4a1d9ec15,M0,N0,T2,With Tumor,26.00519446,0:CENSORED,Yes,No,,No,,1,Female,,,,False,False,False,False,False,False,False,False,False,False,False,False,Unknown,Unknown
TCGA-AA-3543,2,23.666494,-4.4407434,TCGA-AA-3543,84,STAGE I,6TH,,COAD,30,-30772,0,,,0.986290561,0:ALIVE OR DEAD TUMOR FREE,,5/18/10,EUR,Yes,C18.2,8480/3,C18.2,Yes,No,,0.986290561,0:LIVING,912b61a1-6a5b-451c-b753-9c3dac03e8cb,M0,N0,T2,With Tumor,0.986290561,0:CENSORED,Yes,Yes,,No,,1,Male,,,,False,False,False,False,False,False,False,False,False,False,False,False,Unknown,Unknown
TCGA-AA-3553,2,24.530418,-7.3637986,TCGA-AA-3553,61,STAGE I,6TH,,COAD,730,-22524,0,23.99973699,0:DiseaseFree,23.99973699,0:ALIVE OR DEAD TUMOR FREE,,5/18/10,EUR,No,C18.9,8140/3,C18.9,Yes,No,No,23.99973699,0:LIVING,d181c72b-843c-4b2d-b014-2a6dd1c3c1ec,M0,N0,T2,With Tumor,23.99973699,0:CENSORED,Yes,No,,No,,1,Female,,,,False,False,False,False,False,False,False,False,False,False,False,False,Unknown,Unknown
TCGA-AA-3555,2,6.8593087,-3.4403381,TCGA-AA-3555,81,STAGE IIA,6TH,,COAD,911,-29617,0,2.991748036,1:Recurred/Progressed,29.95035671,0:ALIVE OR DEAD TUMOR FREE,,5/18/10,EUR,No,C18.9,8140/3,C18.9,Yes,No,Yes,29.95035671,0:LIVING,36eaf209-c332-4321-b6aa-51a3368ecd79,M0,N0,T3,With Tumor,2.991748036,1:PROGRESSION,Yes,No,,No,,1,Female,,,,False,False,False,False,False,False,False,False,False,False,False,False,Unknown,Unknown
TCGA-AA-3558,2,20.550323,-4.853817,TCGA-AA-3558,70,STAGE I,6TH,,COAD,638,-25752,0,3.024624388,1:Recurred/Progressed,20.9751126,0:ALIVE OR DEAD TUMOR FREE,,5/18/10,EUR,No,C18.7,8140/3,C18.7,Yes,No,Yes,20.9751126,0:LIVING,a56d528b-238a-4556-92c8-7645304a2da0,M0,N0,T2,With Tumor,3.024624388,1:PROGRESSION,Yes,No,,No,,1,Male,,,,False,False,False,False,False,False,False,False,False,False,False,False,Unknown,Unknown
TCGA-AA-3560,2,21.397053,-3.3289244,TCGA-AA-3560,72,STAGE IIIC,6TH,,COAD,608,-26359,0,19.98882204,0:DiseaseFree,19.98882204,0:ALIVE OR DEAD TUMOR FREE,,5/18/10,EUR,No,C18.7,8140/3,C18.7,Yes,No,No,19.98882204,0:LIVING,2d02bd7a-5beb-4e43-9ccb-18d89c9d5ca2,M0,N2,T3,With Tumor,19.98882204,0:CENSORED,Yes,Yes,,No,,1,Female,,,,False,False,False,False,False,False,False,False,False,False,False,False,Unknown,Unknown
TCGA-AA-3561,2,16.546059,-6.437259,TCGA-AA-3561,72,STAGE IIA,6TH,,COAD,424,-26420,0,13.93957327,0:DiseaseFree,13.93957327,0:ALIVE OR DEAD TUMOR FREE,,5/18/10,EUR,No,C18.9,8140/3,C18.9,Yes,No,No,13.93957327,0:LIVING,01ad5016-f691-4bca-82a0-910429d8d25b,M0,N0,T3,With Tumor,13.93957327,0:CENSORED,Yes,No,,No,,1,Male,,,,False,False,False,False,False,False,False,False,False,False,False,False,Unknown,Unknown
TCGA-AA-3662,0,14.958979,55.565098,,,,,,,,,,,,,,,,,,,,,,,,,,,,,,,,,,,,,,,,,,,False,False,False,False,False,False,False,False,False,False,False,False,Unknown,Unknown
TCGA-AA-3664,2,22.975506,-4.8449655,TCGA-AA-3664,74,STAGE II,5TH,,COAD,1643,-27363,0,,,54.0158464,0:ALIVE OR DEAD TUMOR FREE,,5/18/10,EUR,No,C18.2,8140/3,C18.2,Yes,Yes,,54.0158464,0:LIVING,a06c09a8-0951-49f4-a765-5147bbcae109,M0,N0,T3,With Tumor,54.0158464,0:CENSORED,Yes,No,,No,,1,Female,COAD_CIN,,,False,False,False,False,False,True,False,False,False,False,False,False,Unknown,COAD_CIN
TCGA-AA-3666,2,23.370573,-2.2529695,TCGA-AA-3666,68,STAGE III,5TH,,COAD,,-25020,0,,,2.005457474,1:DEAD WITH TUMOR,,5/18/10,EUR,No,C18.9,8140/3,C18.9,Yes,Yes,,2.005457474,1:DECEASED,a512701f-88bb-4b05-8c94-fd285b9dd13e,M0,N1,T3,With Tumor,2.005457474,1:PROGRESSION,Yes,No,,,,1,Male,COAD_CIN,,,True,True,False,False,True,False,False,False,False,False,False,False,Unknown,COAD_CIN
TCGA-AA-3667,2,24.306114,-2.7004805,TCGA-AA-3667,36,STAGE I,5TH,,COAD,426,-13302,0,14.00532597,0:DiseaseFree,14.00532597,0:ALIVE OR DEAD TUMOR FREE,,5/18/10,EUR,No,C18.9,8140/3,C18.9,Yes,Yes,No,14.00532597,0:LIVING,d651f9ba-8746-46c4-852c-6c2992c7d10e,M0,N0,T2,With Tumor,14.00532597,0:CENSORED,Yes,No,,No,,1,Female,COAD_CIN,,,True,True,False,False,False,False,False,False,False,False,False,False,Unknown,COAD_CIN
TCGA-AA-3672,2,21.113197,-5.6882706,,,,,,,,,,,,,,,,,,,,,,,,,,,,,,,,,,,,,,,,,,,False,False,False,False,False,False,False,False,False,False,False,False,Unknown,Unknown
TCGA-AA-3679,2,18.77008,-2.1775732,TCGA-AA-3679,59,STAGE IV,6TH,,COAD,457,-21611,0,,,15.02449288,0:ALIVE OR DEAD TUMOR FREE,,5/18/10,EUR_ADMIX,No,C18.9,8140/3,C18.9,Yes,Yes,No,15.02449288,0:LIVING,d17a2ab0-faef-40de-a87d-1291868b200d,M1,N2,T3,With Tumor,15.02449288,0:CENSORED,Yes,No,,No,,1,Male,COAD_CIN,,,True,True,False,False,False,False,False,False,False,False,False,False,Unknown,COAD_CIN
TCGA-AA-3685,2,12.12257,-4.6626887,TCGA-AA-3685,69,STAGE II,5TH,27,COAD,1127,-25506,0,37.05164875,0:DiseaseFree,37.05164875,0:ALIVE OR DEAD TUMOR FREE,,5/18/10,EUR,No,C18.9,8140/3,C18.9,Yes,Yes,No,37.05164875,0:LIVING,dca004bf-9c14-45a1-b186-ab3759f6c7fe,M0,N0,T3,With Tumor,37.05164875,0:CENSORED,Yes,No,,No,18,1,Male,COAD_CIN,,20,True,True,False,False,False,False,False,False,False,False,False,False,Unknown,COAD_CIN
TCGA-AA-3692,2,22.17101,-3.826578,TCGA-AA-3692,47,STAGE IV,6TH,,COAD,0,-17167,0,,,35.99960548,1:DEAD WITH TUMOR,,5/18/10,EUR,No,C18.9,8480/3,C18.9,Yes,Yes,Yes,35.99960548,1:DECEASED,bce3ce45-4fb3-4d8e-9ec7-d24427c2ba4d,M1,N2,T3,With Tumor,13.01903541,1:PROGRESSION,Yes,Yes,,Yes,,1,Female,COAD_CIN,,,True,False,False,False,True,False,False,False,False,False,False,False,Unknown,COAD_CIN
TCGA-AA-3693,2,6.4515944,-6.1928515,TCGA-AA-3693,77,STAGE IV,6TH,,COAD,0,-28459,0,,,0,0:ALIVE OR DEAD TUMOR FREE,,5/18/10,EUR,No,C18.7,8140/3,C18.7,Yes,Yes,,0,0:LIVING,33522271-b2ca-4da4-a942-501ab9117c51,M1,N1,T4,With Tumor,0,0:CENSORED,Yes,No,,,,1,Female,COAD_CIN,,,True,True,False,False,False,False,False,False,False,False,False,False,Unknown,COAD_CIN
TCGA-AA-3696,2,25.384022,-4.868859,TCGA-AA-3696,75,STAGE IV,6TH,,COAD,0,-27667,0,,,5.030081862,1:DEAD WITH TUMOR,,5/18/10,EUR,No,C18.7,8140/3,C18.7,Yes,Yes,,5.030081862,1:DECEASED,aa909ffb-03e1-4e3f-8888-2212b23d90b7,M1,N1,T3,With Tumor,5.030081862,1:PROGRESSION,Yes,No,,No,,1,Female,COAD_GS,,,True,False,True,True,False,False,False,False,False,False,False,False,Unknown,COAD_GS
TCGA-AA-3715,2,18.38716,-4.636225,TCGA-AA-3715,77,STAGE II,5TH,,COAD,30,-28428,0,,,19.03540783,1:DEAD WITH TUMOR,,5/18/10,EUR,No,C18.2,8560/3,C18.2,Yes,Yes,Yes,19.03540783,1:DECEASED,e394e9ec-7288-4ede-9ef8-41b631d100dd,M0,N0,T3,With Tumor,5.030081862,1:PROGRESSION,Yes,Yes,,No,,1,Male,COAD_MSI,,,True,False,True,True,False,True,True,False,True,True,False,True,MSI-H_proxy,COAD_MSI
TCGA-AA-3811,2,21.645264,-8.249079,TCGA-AA-3811,84,STAGE III,5TH,,COAD,30,-30893,0,,,10.06016372,1:DEAD WITH TUMOR,,5/18/10,EUR,No,C18.9,8574/3,C18.9,Yes,Yes,,10.06016372,1:DECEASED,d7ebd11a-1339-4b28-be90-a788d2cfa706,M0,N2,T3,With Tumor,10.06016372,1:PROGRESSION,Yes,No,,No,,1,Female,COAD_MSI,,,True,True,False,False,True,False,False,False,False,True,True,True,MSI-H_proxy,COAD_MSI
TCGA-AA-3815,2,19.146372,-5.8930645,,,,,,,,,,,,,,,,,,,,,,,,,,,,,,,,,,,,,,,,,,,False,False,False,False,False,False,False,False,False,False,False,False,Unknown,Unknown
TCGA-AA-3818,2,22.062418,-5.116622,TCGA-AA-3818,78,STAGE IIA,6TH,,COAD,,-28763,0,,,0.986290561,1:DEAD WITH TUMOR,,5/18/10,EUR,No,C18.9,8140/3,C18.9,Yes,Yes,,0.986290561,1:DECEASED,fdffda5f-72b2-4153-b7f1-d7043b7ca898,M0,N0,T3,With Tumor,0.986290561,1:PROGRESSION,Yes,No,,,,1,Female,COAD_GS,,,True,False,True,True,False,False,False,False,False,False,False,False,Unknown,COAD_GS
TCGA-AA-3819,2,23.675232,-3.154368,TCGA-AA-3819,41,STAGE IIA,6TH,,COAD,761,-15280,0,25.0189039,0:DiseaseFree,25.0189039,0:ALIVE OR DEAD TUMOR FREE,,5/18/10,EUR,No,C18.9,8140/3,C18.9,Yes,Yes,No,25.0189039,0:LIVING,192da41f-f0a5-494e-8eb9-96bcdae56ff8,M0,N0,T3,With Tumor,25.0189039,0:CENSORED,Yes,No,,No,,1,Female,COAD_CIN,,,False,False,False,False,False,False,False,False,False,False,False,False,Unknown,COAD_CIN
TCGA-AA-3842,2,19.099316,-2.958716,TCGA-AA-3842,51,STAGE IIIA,6TH,,COAD,1126,-18842,0,13.01903541,1:Recurred/Progressed,37.0187724,0:ALIVE OR DEAD TUMOR FREE,,5/18/10,EUR,No,C18.9,8140/3,C18.9,Yes,Yes,Yes,37.0187724,0:LIVING,80311cf5-7e18-4545-92ad-c4b7dd5c9677,M0,N1,T2,With Tumor,13.01903541,1:PROGRESSION,Yes,No,,No,,1,Male,COAD_CIN,,,False,True,True,False,True,False,False,False,False,False,False,False,Unknown,COAD_CIN
TCGA-AA-3844,2,20.999409,-4.2044897,TCGA-AA-3844,78,STAGE IIIC,6TH,,COAD,454,-28521,0,,,14.92586383,0:ALIVE OR DEAD TUMOR FREE,,5/18/10,EUR,No,C18.9,8140/3,C18.9,Yes,Yes,Yes,14.92586383,0:LIVING,4f786107-3cf5-4ab3-bba4-f399dee23f0e,M0,N2,T3,With Tumor,11.9998685,1:PROGRESSION,Yes,Yes,,Yes,,1,Female,COAD_CIN,,,False,True,True,False,False,False,False,False,False,False,False,False,Unknown,COAD_CIN
TCGA-AA-3845,2,17.686068,-7.3273325,TCGA-AA-3845,86,STAGE IIA,6TH,,COAD,,-31593,0,,,0,1:DEAD WITH TUMOR,,5/18/10,EUR,No,C18.2,8140/3,C18.2,Yes,Yes,,0,1:DECEASED,bc02f801-081b-489b-87cb-d275c70299d5,M0,N0,T3,With Tumor,0,1:PROGRESSION,Yes,No,,,,1,Female,COAD_MSI,,,False,False,True,False,True,False,False,False,False,False,False,False,MSI-H_proxy,COAD_MSI
TCGA-AA-3852,2,22.789341,-4.4500403,TCGA-AA-3852,88,STAGE IIA,6TH,,COAD,,-32203,0,,,0,1:DEAD WITH TUMOR,,5/18/10,EUR,No,C18.9,8480/3,C18.9,Yes,Yes,,0,1:DECEASED,6fc5e56a-1f5e-4ff1-948e-5ef636ebb48d,M0,N0,T3,With Tumor,0,1:PROGRESSION,Yes,No,,,,1,Male,COAD_GS,,,True,False,True,True,False,False,False,False,False,False,False,False,Unknown,COAD_GS
TCGA-AA-3854,2,21.762535,-4.2989807,TCGA-AA-3854,71,STAGE I,6TH,,COAD,1096,-26022,0,36.03248184,0:DiseaseFree,36.03248184,0:ALIVE OR DEAD TUMOR FREE,,5/18/10,EUR,No,C18.9,8480/3,C18.9,Yes,Yes,No,36.03248184,0:LIVING,7a6c54f1-f4e4-426b-b306-2ca3c4de12ca,M0,N0,T2,With Tumor,36.03248184,0:CENSORED,Yes,No,,No,,1,Female,COAD_GS,,,True,False,True,False,False,False,False,False,False,False,False,False,Unknown,COAD_GS
TCGA-AA-3860,2,21.800941,-3.7710097,,,,,,,,,,,,,,,,,,,,,,,,,,,,,,,,,,,,,,,,,,,False,False,False,False,False,False,False,False,False,False,False,False,Unknown,Unknown
TCGA-AA-3866,2,20.257238,-1.8803103,TCGA-AA-3866,78,STAGE I,5TH,,COAD,518,-28672,0,17.02995036,0:DiseaseFree,17.02995036,0:ALIVE OR DEAD TUMOR FREE,,5/18/10,EUR,No,C18.9,8140/3,C18.9,Yes,Yes,No,17.02995036,0:LIVING,02f9668c-71e6-485f-88b1-b37dc8bdd2ab,M0,N0,T2,With Tumor,17.02995036,0:CENSORED,Yes,No,,No,,1,Female,COAD_CIN,,,True,True,False,True,False,False,False,False,False,False,False,False,Unknown,COAD_CIN
TCGA-AA-3869,2,22.032593,-6.450484,TCGA-AA-3869,76,STAGE IV,6TH,,COAD,0,-28062,0,,,27.02436138,1:DEAD WITH TUMOR,,5/18/10,EUR,No,C18.0,8140/3,C18.0,Yes,No,No,27.02436138,1:DECEASED,39d3b5b3-d51e-4d77-a8aa-2977fa734fab,M1,N2,T4,With Tumor,27.02436138,1:PROGRESSION,Yes,No,,No,,1,Male,,,,False,False,False,False,False,False,False,False,False,False,False,False,Unknown,Unknown
TCGA-AA-3877,2,16.492783,-5.0313716,TCGA-AA-3877,83,STAGE I,6TH,,COAD,943,-30377,0,31.00239997,0:DiseaseFree,31.00239997,0:ALIVE OR DEAD TUMOR FREE,,5/18/10,EUR,No,C18.4,8480/3,C18.4,Yes,Yes,No,31.00239997,0:LIVING,043a4745-566b-4106-b159-99cb8b394b81,M0,N0,T1,With Tumor,31.00239997,0:CENSORED,Yes,No,,No,,1,Female,COAD_MSI,,,False,False,False,True,False,True,False,False,False,False,False,False,MSI-H_proxy,COAD_MSI
TCGA-AA-3930,2,18.71996,-5.1824436,TCGA-AA-3930,66,STAGE IV,6TH,,COAD,0,-24321,0,,,2.005457474,1:DEAD WITH TUMOR,,5/18/10,,No,C18.2,8140/3,C18.2,Yes,No,No,2.005457474,1:DECEASED,81f6b141-2195-4091-9cd3-dfb022663949,M1,N2,T3,With Tumor,2.005457474,1:PROGRESSION,Yes,No,,No,,1,Male,,,,False,False,False,False,False,False,False,False,False,False,False,False,Unknown,Unknown
TCGA-AA-3941,2,19.291054,-6.8882623,TCGA-AA-3941,84,STAGE IVA,7TH,,COAD,730,-31015,0,,,23.99973699,0:ALIVE OR DEAD TUMOR FREE,,5/18/10,EUR,No,C18.9,8140/3,C18.9,Yes,No,,23.99973699,0:LIVING,835c3e23-ac2b-4bc9-ac65-e3e81adecf77,M1A,N1B,T4,With Tumor,23.99973699,0:CENSORED,Yes,No,,No,,1,Female,,,,False,False,False,False,False,False,False,False,False,False,False,False,Unknown,Unknown
TCGA-AA-3952,2,18.592926,-5.9074373,TCGA-AA-3952,68,STAGE IIIC,6TH,,COAD,,-24868,0,,,2.005457474,1:DEAD WITH TUMOR,,5/18/10,EUR,No,C18.6,8140/3,C18.6,Yes,Yes,,2.005457474,1:DECEASED,c1e141af-bdd1-4176-8c0e-cf1ab0c1d9d3,M0,N2,T3,With Tumor,2.005457474,1:PROGRESSION,Yes,Yes,,,,1,Male,COAD_CIN,,,True,False,False,False,False,False,False,False,False,False,False,False,Unknown,COAD_CIN
TCGA-AA-3956,2,6.8824196,-5.755988,TCGA-AA-3956,65,STAGE IIA,6TH,,COAD,1035,-24045,0,,,34.02702436,0:ALIVE OR DEAD TUMOR FREE,,5/18/10,EUR,No,C18.0,8140/3,C18.0,Yes,Yes,,34.02702436,0:LIVING,7b47489f-c3cc-4388-b5d7-c7c02790a5f6,M0,N0,T3,With Tumor,34.02702436,0:CENSORED,Yes,No,,No,,1,Male,COAD_CIN,,,True,True,False,True,False,False,False,False,False,False,False,False,Unknown,COAD_CIN
TCGA-AA-3966,2,18.392918,-8.320288,TCGA-AA-3966,89,STAGE IIA,6TH,,COAD,61,-32537,0,,,2.005457474,0:ALIVE OR DEAD TUMOR FREE,,5/18/10,EUR,No,C18.9,8480/3,C18.9,Yes,Yes,,2.005457474,0:LIVING,bc42fe2d-1a33-428d-a601-b1871f4c8d9b,M0,N0,T3,With Tumor,2.005457474,0:CENSORED,Yes,No,,,,1,Female,COAD_MSI,,,False,True,False,False,False,True,False,False,True,False,False,True,MSI-H_proxy,COAD_MSI
TCGA-AA-3967,2,9.643145,-3.009882,,,,,,,,,,,,,,,,,,,,,,,,,,,,,,,,,,,,,,,,,,,False,False,False,False,False,False,False,False,False,False,False,False,Unknown,Unknown
TCGA-AA-3975,2,19.7809,-5.7527027,TCGA-AA-3975,80,STAGE I,6TH,,COAD,1036,-29310,0,34.05990071,0:DiseaseFree,34.05990071,0:ALIVE OR DEAD TUMOR FREE,,5/18/10,EUR,No,C18.9,8140/3,C18.9,Yes,Yes,No,34.05990071,0:LIVING,a9cb21d1-4c4a-4f30-ad4d-c54bed26f187,M0,N0,T2,With Tumor,34.05990071,0:CENSORED,Yes,No,,No,,1,Male,COAD_CIN,,,True,True,True,False,False,False,False,False,False,False,False,False,Unknown,COAD_CIN
TCGA-AA-3976,2,20.419798,-5.7620583,TCGA-AA-3976,70,STAGE IIIA,6TH,,COAD,791,-25599,0,26.00519446,0:DiseaseFree,26.00519446,0:ALIVE OR DEAD TUMOR FREE,,5/18/10,EUR,No,C19,8140/3,C19.9,Yes,Yes,No,26.00519446,0:LIVING,14efca0c-882d-4fba-b15c-64af6e213b80,M0,N1,T2,With Tumor,26.00519446,0:CENSORED,Yes,Yes,,No,,1,Male,COAD_CIN,,,True,True,False,False,False,False,False,False,False,False,False,False,Unknown,COAD_CIN
TCGA-AA-3977,2,21.317429,-3.904636,TCGA-AA-3977,65,,6TH,,COAD,761,-23832,0,25.0189039,0:DiseaseFree,25.0189039,0:ALIVE OR DEAD TUMOR FREE,,5/18/10,EUR,No,C18.7,8140/3,C18.7,Yes,No,No,25.0189039,0:LIVING,33e989b9-fac4-47d8-b429-269044ac772a,,N0,T2,With Tumor,25.0189039,0:CENSORED,Yes,No,,No,,1,Male,,,,True,True,True,True,False,False,False,True,True,False,False,True,Unknown,Unknown
TCGA-AA-A00D,2,21.614838,-5.6176343,TCGA-AA-A00D,70,STAGE I,6TH,,COAD,578,-25689,0,19.00253148,0:DiseaseFree,19.00253148,0:ALIVE OR DEAD TUMOR FREE,,6/15/11,EUR,No,C18.2,8140/3,C18.2,Yes,No,No,19.00253148,0:LIVING,081a3dc7-45e1-457d-add0-c4686140a8d0,M0,N0,T2,With Tumor,19.00253148,0:CENSORED,Yes,No,,No,,1,Male,,,,False,False,False,False,False,False,False,False,False,False,False,False,Unknown,Unknown
TCGA-AA-A00N,2,21.76804,-5.3032713,TCGA-AA-A00N,75,STAGE IIB,6TH,,COAD,,-27667,0,,,4.010914949,1:DEAD WITH TUMOR,,6/15/11,EUR,No,C18.0,8480/3,C18.0,Yes,No,,4.010914949,1:DECEASED,e457344d-76fb-46bf-b362-61a6e811d131,M0,N0,T4,With Tumor,4.010914949,1:PROGRESSION,Yes,No,,,,1,Male,,,,True,False,True,True,False,False,False,True,True,False,False,True,Unknown,Unknown
TCGA-AA-A00U,2,26.510735,-5.2596016,TCGA-AA-A00U,50,STAGE IIIB,6TH,,COAD,518,-18263,0,17.02995036,0:DiseaseFree,17.02995036,0:ALIVE OR DEAD TUMOR FREE,,6/15/11,EUR,No,C18.2,8140/3,C18.2,Yes,No,No,17.02995036,0:LIVING,091e3084-04ee-4497-893c-d46226dec78f,M0,N1,T3,With Tumor,17.02995036,0:CENSORED,Yes,No,,No,,1,Male,,,,False,False,False,False,False,False,False,False,False,False,False,False,Unknown,Unknown
TCGA-AA-A00W,2,12.700078,-7.878733,TCGA-AA-A00W,80,STAGE I,6TH,,COAD,456,-29311,0,,,14.99161653,0:ALIVE OR DEAD TUMOR FREE,,6/15/11,EUR,No,C18.7,8140/3,C18.7,Yes,No,No,14.99161653,0:LIVING,fa96d094-0165-401c-8fd5-6d1ee4ef3994,M0,N0,T1,With Tumor,14.99161653,0:CENSORED,Yes,No,,No,,1,Male,,,,False,False,False,False,False,False,False,False,False,False,False,False,Unknown,Unknown
TCGA-AA-A00Z,2,8.430139,-7.8279204,TCGA-AA-A00Z,70,STAGE IIA,6TH,,COAD,669,-25872,0,21.99427952,0:DiseaseFree,21.99427952,0:ALIVE OR DEAD TUMOR FREE,,6/15/11,EUR,No,C18.7,8140/3,C18.7,Yes,No,No,21.99427952,0:LIVING,af3a0634-4292-45bd-b948-6b6bd2d58090,M0,N0,T3,With Tumor,21.99427952,0:CENSORED,Yes,Yes,,No,,1,Male,,,,False,False,False,False,False,False,False,False,False,False,False,False,Unknown,Unknown
TCGA-AA-A01G,2,24.786156,-7.708235,TCGA-AA-A01G,63,STAGE IIA,6TH,,COAD,365,-23133,0,11.9998685,0:DiseaseFree,11.9998685,0:ALIVE OR DEAD TUMOR FREE,,6/15/11,EUR,No,C18.0,8480/3,C18.0,Yes,No,No,11.9998685,0:LIVING,6f2b5a14-569c-4084-8c67-b1a44d787897,M0,N0,T3,With Tumor,11.9998685,0:CENSORED,Yes,No,,No,,1,Male,,,,False,False,False,False,False,False,False,False,False,False,False,False,Unknown,Unknown
TCGA-AA-A01I,2,25.22334,-4.4936986,TCGA-AA-A01I,76,STAGE I,6TH,,COAD,943,-27759,0,31.00239997,0:DiseaseFree,31.00239997,0:ALIVE OR DEAD TUMOR FREE,,6/15/11,EUR,No,C18.7,8140/3,C18.7,Yes,No,No,31.00239997,0:LIVING,86d18004-9478-4e46-83b4-4fbe445ccb70,M0,N0,T2,With Tumor,31.00239997,0:CENSORED,Yes,No,,No,,1,Male,,,,True,False,True,True,False,False,False,False,False,False,False,False,Unknown,Unknown
TCGA-AA-A022,2,22.191776,-7.1663465,TCGA-AA-A022,88,STAGE II,5TH,,COAD,0,-32446,0,,,0,0:ALIVE OR DEAD TUMOR FREE,,6/15/11,EUR,No,C18.0,8140/3,C18.0,Yes,No,,0,0:LIVING,7a481097-14a3-4916-9632-d899c25fd284,M0,N0,T4,With Tumor,0,0:CENSORED,Yes,No,,,,1,Female,,,,False,False,False,False,False,True,False,False,False,False,False,False,Unknown,Unknown
TCGA-AA-A029,2,22.809076,-2.5338202,TCGA-AA-A029,67,STAGE II,5TH,,COAD,1581,-24686,0,51.97751258,0:DiseaseFree,51.97751258,0:ALIVE OR DEAD TUMOR FREE,,6/15/11,EUR,No,C18.0,8140/3,C18.0,Yes,No,No,51.97751258,0:LIVING,93ca8937-97c0-4f6e-bdec-66d32f2a7b3d,M0,N0,T3,With Tumor,51.97751258,0:CENSORED,Yes,No,,No,,1,Male,,,,False,False,False,False,False,False,False,False,False,False,False,False,Unknown,Unknown
TCGA-AA-A02E,2,26.400455,-7.4162188,TCGA-AA-A02E,82,STAGE IV,6TH,,COAD,,-30256,0,,,2.958871684,1:DEAD WITH TUMOR,,6/15/11,EUR,No,C18.0,8140/3,C18.0,Yes,Yes,,2.958871684,1:DECEASED,35620be9-3ba5-4be7-9e00-83103e6a92e6,M1,N1,T3,With Tumor,2.958871684,1:PROGRESSION,Yes,No,,,,1,Female,COAD_CIN,,,True,True,True,True,True,False,False,False,False,False,False,False,Unknown,COAD_CIN
TCGA-AA-A02J,2,25.168163,-4.5600214,TCGA-AA-A02J,70,STAGE IV,6TH,,COAD,,-25749,0,,,5.030081862,1:DEAD WITH TUMOR,,6/15/11,EUR,No,C18.7,8140/3,C18.7,Yes,No,,5.030081862,1:DECEASED,73a142e1-8ac2-4cfe-b8cf-7e9dea64f488,M1,N0,T3,With Tumor,5.030081862,1:PROGRESSION,Yes,No,,,,1,Female,,,,False,False,False,False,False,False,False,False,False,False,False,False,Unknown,Unknown
TCGA-AA-A02O,2,26.715015,-4.122131,TCGA-AA-A02O,82,STAGE II,6TH,,COAD,28,-30288,0,,,0.920537857,0:ALIVE OR DEAD TUMOR FREE,,6/15/11,EUR,No,C18.4,8140/3,C18.4,Yes,Yes,,0.920537857,0:LIVING,6fa41234-9077-4d05-a295-6820f3bedf5b,M0,N0,T3,With Tumor,0.920537857,0:CENSORED,Yes,No,,,,1,Male,COAD_GS,,,True,False,True,True,True,False,False,False,False,False,False,False,Unknown,COAD_GS
TCGA-AA-A02R,2,19.979687,-8.042868,TCGA-AA-A02R,84,STAGE IIA,6TH,,COAD,,-30834,0,,,22.02715587,1:DEAD WITH TUMOR,,6/15/11,EUR,No,C18.0,8140/3,C18.0,Yes,No,,22.02715587,1:DECEASED,764c97c9-01d3-45cb-86bd-f8a52b5468da,M0,N0,T3,With Tumor,22.02715587,1:PROGRESSION,Yes,No,,,,1,Female,,,,False,False,False,False,False,True,False,False,True,False,False,True,Unknown,Unknown
TCGA-AA-A02W,2,22.375454,-4.4615664,TCGA-AA-A02W,73,STAGE I,5TH,,COAD,1247,-26693,0,33.0407338,1:Recurred/Progressed,40.99681099,0:ALIVE OR DEAD TUMOR FREE,,6/15/11,EUR,No,C18.7,8140/3,C18.7,Yes,No,Yes,40.99681099,0:LIVING,73448b56-a6c6-4c98-a153-ab704261e073,M0,N0,T2,With Tumor,33.0407338,1:PROGRESSION,Yes,No,,No,,1,Female,,,,True,True,True,False,False,False,False,False,False,False,False,False,Unknown,Unknown
TCGA-AA-A02Y,2,20.600945,-5.2601805,TCGA-AA-A02Y,73,STAGE I,6TH,21,COAD,1216,-26724,0,39.97764408,0:DiseaseFree,39.97764408,0:ALIVE OR DEAD TUMOR FREE,,6/15/11,EUR,No,C18.0,8140/3,C18.0,Yes,Yes,No,39.97764408,0:LIVING,a435fdf4-a89a-499e-9006-cbb5693eab26,M0,N0,T2,With Tumor,39.97764408,0:CENSORED,Yes,No,,No,16,1,Male,COAD_GS,,26,False,False,True,True,False,False,False,False,False,False,False,False,Unknown,COAD_GS
TCGA-AD-5900,1,-13.602724,-0.40048018,TCGA-AD-5900,67,STAGE I,7TH,25,COAD,370,-24776,0,12.16425026,0:DiseaseFree,12.16425026,0:ALIVE OR DEAD TUMOR FREE,Not Hispanic Or Latino,6/22/11,EUR,No,C18.2,8480/3,C18.2,Yes,Yes,No,12.16425026,0:LIVING,0f008098-d8aa-46dc-8445-cca59838c582,MX,N0,T2,Tumor Free,12.16425026,0:CENSORED,Yes,No,White,No,12,1,Male,COAD_MSI,,24,True,False,False,True,False,True,False,False,False,False,False,False,MSI-H_proxy,COAD_MSI
TCGA-AD-6889,1,-11.571829,5.294464,TCGA-AD-6889,76,STAGE IIA,6TH,41,COAD,2056,,0,49.84054969,1:Recurred/Progressed,83.24292337,0:ALIVE OR DEAD TUMOR FREE,,7/12/11,EAS,No,C18.2,8140/3,C18.2,Yes,Yes,No,83.24292337,1:DECEASED,955464c8-9c62-430c-87b8-107db5c980a8,M0,N0,T3,Tumor Free,49.84054969,1:PROGRESSION,Yes,No,Asian,No,20,1,Male,COAD_MSI,,48,False,False,False,False,False,True,True,True,False,False,False,True,MSI-H_proxy,COAD_MSI
TCGA-AD-6890,1,-14.98154,0.5595171,TCGA-AD-6890,65,,7TH,35,COAD,746,-23769,0,24.52575862,0:DiseaseFree,24.52575862,0:ALIVE OR DEAD TUMOR FREE,,7/22/11,EUR,No,C18.2,8140/3,C18.2,Yes,Yes,No,24.52575862,0:LIVING,e8e80df9-e3ba-4dec-b8fc-a5e80d8c6798,MX,N0,T1,Tumor Free,24.52575862,0:CENSORED,Yes,No,White,No,18,1,Male,COAD_CIN,,36,True,False,False,True,False,False,False,False,True,False,False,True,Unknown,COAD_CIN
TCGA-AD-6895,1,-13.719799,-2.4200904,TCGA-AD-6895,84,STAGE IIIB,7TH,21,COAD,763,-30879,0,25.08465661,0:DiseaseFree,25.08465661,0:ALIVE OR DEAD TUMOR FREE,Not Hispanic Or Latino,7/22/11,EUR,No,C18.0,8140/3,C18.0,Yes,Yes,No,25.08465661,0:LIVING,4f601d7b-8db1-4c6d-9374-21dcd804980d,M0,N1A,T3,Tumor Free,25.08465661,0:CENSORED,Yes,Yes,White,No,18,1,Male,COAD_MSI,68,36,False,False,True,False,False,True,False,False,False,False,False,False,MSI-H_proxy,COAD_MSI
TCGA-AD-6899,1,-14.553168,-1.2163875,TCGA-AD-6899,84,STAGE IIIC,7TH,29,COAD,48,-30693,0,5.786237959,0:DiseaseFree,5.786237959,0:ALIVE OR DEAD TUMOR FREE,,7/25/11,EUR,No,C18.9,8480/3,C18.9,Yes,Yes,No,5.786237959,1:DECEASED,ea923671-3903-4a79-830d-e7e4b1eabab0,MX,N2B,T4A,Tumor Free,5.786237959,0:CENSORED,Yes,No,White,No,20,1,Male,COAD_CIN,62,26,True,True,False,True,True,False,False,False,False,False,False,False,Unknown,COAD_CIN
TCGA-AD-6965,1,-10.281945,-0.515362,TCGA-AD-6965,62,STAGE IIIC,7TH,35,COAD,805,-22853,0,21.30387612,1:Recurred/Progressed,26.46546339,0:ALIVE OR DEAD TUMOR FREE,Not Hispanic Or Latino,8/17/11,EUR,No,C18.0,8140/3,C18.0,Yes,Yes,Yes,26.46546339,0:LIVING,c8de215d-53a4-4e6c-be58-5887a8094815,M0,N2B,T4A,With Tumor,21.30387612,1:PROGRESSION,Yes,No,White,No,22,1,Male,COAD_CIN,95,36,True,True,True,True,False,False,False,False,False,False,False,False,Unknown,COAD_CIN
TCGA-AD-A5EJ,1,-19.325737,-3.4294844,TCGA-AD-A5EJ,74,STAGE IIA,7TH,41,COAD,0,-27180,0,,,0,0:ALIVE OR DEAD TUMOR FREE,Not Hispanic Or Latino,7/12/13,AFR_ADMIX,No,C18.0,8140/3,C18.0,Yes,Yes,No,0,0:LIVING,613AA3E8-A70B-45A9-9C08-0C2346C8BF00,MX,N0,T3,Tumor Free,0,0:CENSORED,Yes,No,Black or African American,,24,1,Female,COAD_MSI,71,60,False,True,False,True,False,True,True,False,False,False,False,True,MSI-H_proxy,COAD_MSI
TCGA-AF-2690,1,-20.630249,-6.335757,TCGA-AF-2690,76,STAGE IIIC,6TH,15,READ,358,-28119,0,,,17.22720847,0:ALIVE OR DEAD TUMOR FREE,Not Hispanic Or Latino,2/3/11,EUR,No,C20,8140/3,C20.9,Yes,Yes,No,17.22720847,1:DECEASED,368fd5c9-cd4b-4326-a47b-4d72938cfb8f,M0,N2,T3,Tumor Free,17.22720847,0:CENSORED,Yes,No,White,No,14,1,Female,READ_CIN,54.5,14,True,True,False,False,True,False,False,False,False,False,False,False,Unknown,READ_CIN
TCGA-AF-2691,1,-17.81864,-6.3902764,TCGA-AF-2691,48,STAGE I,,,READ,1309,-17759,0,43.03514482,0:DiseaseFree,43.03514482,0:ALIVE OR DEAD TUMOR FREE,Not Hispanic Or Latino,10/28/10,EUR,No,C19,8140/3,C19.9,Yes,No,No,43.03514482,0:LIVING,830fd359-abd4-4c99-89e4-2d6bb9ce5637,M0,N0,T1,Tumor Free,43.03514482,0:CENSORED,Yes,No,White,No,,1,Female,,52.4,,False,False,False,False,False,False,False,False,False,False,False,False,Unknown,Unknown
TCGA-AF-2692,1,-18.338129,-2.6868496,TCGA-AF-2692,54,STAGE IIA,,,READ,412,-19830,0,,,13.54505704,0:ALIVE OR DEAD TUMOR FREE,Not Hispanic Or Latino,11/10/10,EUR,No,C20,8140/3,C20.9,Yes,No,Yes,13.54505704,0:LIVING,71a32fca-d48f-4ea3-8df7-69f9dda8fa91,M0,N0,T3,With Tumor,10.75056712,1:PROGRESSION,Yes,No,White,No,,1,Female,,64.4,,False,False,False,False,False,False,False,False,False,False,False,False,Unknown,Unknown
TCGA-AF-3911,1,-22.49286,-6.197637,TCGA-AF-3911,48,STAGE IIIC,6TH,31,READ,1148,-17609,0,22.84906467,1:Recurred/Progressed,37.74205214,0:ALIVE OR DEAD TUMOR FREE,Not Hispanic Or Latino,6/28/11,EUR,No,C20,8140/3,C20.9,Yes,Yes,Yes,37.74205214,0:LIVING,17e286b7-7793-446d-b556-1108addb5ba2,MX,N2,T3,Tumor Free,22.84906467,1:PROGRESSION,Yes,No,White,Yes,20,1,Male,READ_CIN,94.5,28,True,True,False,False,False,False,False,False,False,False,False,False,Unknown,READ_CIN
TCGA-AF-3913,1,-19.115808,-7.1952305,,,,,,,,,,,,,,,,,,,,,,,,,,,,,,,,,,,,,,,,,,,False,False,False,False,False,False,False,False,False,False,False,False,Unknown,Unknown
TCGA-AF-6655,1,-17.908308,-3.2475643,TCGA-AF-6655,66,STAGE IIIA,7TH,21,READ,609,-24417,0,20.02169839,0:DiseaseFree,20.02169839,0:ALIVE OR DEAD TUMOR FREE,Not Hispanic Or Latino,8/15/11,EUR,No,C19,8140/3,C19.9,Yes,Yes,No,20.02169839,0:LIVING,ce2e0f1c-60ff-4f93-8bba-4f4d3ccac37c,M0,N1,T2,Tumor Free,20.02169839,0:CENSORED,Yes,No,White,No,12,1,Male,READ_CIN,53.2,22,True,True,True,False,False,False,False,False,False,False,False,False,Unknown,READ_CIN
TCGA-AF-A56L,1,-3.7573233,1.261956,TCGA-AF-A56L,48,STAGE IIIC,6TH,19,READ,2007,-17734,0,65.98283854,0:DiseaseFree,65.98283854,0:ALIVE OR DEAD TUMOR FREE,,4/18/13,AFR_ADMIX,No,C19,8140/3,C19.9,Yes,Yes,No,65.98283854,0:LIVING,C8FD1040-82A2-4CDA-AC49-C2F82B20CBAB,M0,N2,T3,Tumor Free,65.98283854,0:CENSORED,Yes,No,Black or African American,No,14,1,Female,READ_CIN,74.3,14,True,True,False,False,False,False,False,False,False,False,False,False,Unknown,READ_CIN
TCGA-AG-3574,2,23.860353,-1.226033,TCGA-AG-3574,89,STAGE II,5TH,,READ,0,-32781,0,,,36.03248184,1:DEAD WITH TUMOR,,5/18/10,EUR,No,C20,8140/3,C20.9,Yes,No,,36.03248184,1:DECEASED,0eda7373-8335-455f-b90a-8c3540f28088,M0,N0,T3,With Tumor,36.03248184,1:PROGRESSION,Yes,No,,No,,1,Female,,,,False,False,False,False,False,False,False,False,False,False,False,False,Unknown,Unknown
TCGA-AG-3575,2,12.08114,2.039912,TCGA-AG-3575,51,STAGE II,5TH,,READ,365,-18932,0,,,11.9998685,0:ALIVE OR DEAD TUMOR FREE,,5/18/10,EUR_ADMIX,No,C20,8140/3,C20.9,Yes,No,No,11.9998685,0:LIVING,5daa9f6b-eeba-466f-992b-2bd29fa60e93,M0,N0,T3,With Tumor,11.9998685,0:CENSORED,Yes,No,,No,,1,Male,,,,False,False,False,False,False,False,False,False,False,False,False,False,Unknown,Unknown
TCGA-AG-3580,2,24.225487,-6.7028623,TCGA-AG-3580,67,STAGE I,5TH,,READ,244,-24775,0,,,8.021829898,0:ALIVE OR DEAD TUMOR FREE,,5/18/10,EUR,No,C19,8140/3,C19.9,Yes,No,No,8.021829898,0:LIVING,594a52b0-c929-4e50-ae27-7542e32667ae,M0,N0,T1,With Tumor,8.021829898,0:CENSORED,Yes,Yes,,No,,1,Male,,,,False,False,False,False,False,False,False,False,False,False,False,False,Unknown,Unknown
TCGA-AG-3581,2,21.461615,-6.6143584,TCGA-AG-3581,63,STAGE I,6TH,,READ,215,-23345,0,,,7.068415689,0:ALIVE OR DEAD TUMOR FREE,,5/18/10,EUR,No,C19,8140/3,C19.9,Yes,No,No,7.068415689,0:LIVING,3124e819-292b-48e7-baac-8c5c4a86dc20,M0,N0,T2,With Tumor,7.068415689,0:CENSORED,Yes,No,,No,,1,Male,,,,False,False,False,False,False,False,False,False,False,False,False,False,Unknown,Unknown
TCGA-AG-3594,2,22.97693,-1.8360183,TCGA-AG-3594,77,STAGE IIA,6TH,,READ,0,-28277,0,,,2.005457474,1:DEAD WITH TUMOR,,5/18/10,EUR,No,C19,8480/3,C19.9,Yes,No,,2.005457474,1:DECEASED,ca8374a4-ce94-4091-aa9e-44339a7c4b22,M0,N0,T3,With Tumor,2.005457474,1:PROGRESSION,Yes,No,,No,,1,Male,,,,False,False,False,False,False,False,False,False,False,False,False,False,Unknown,Unknown
TCGA-AG-3598,2,20.61174,-2.6906564,TCGA-AG-3598,69,STAGE IIA,6TH,,READ,1522,-25324,0,,,50.03780781,0:ALIVE OR DEAD TUMOR FREE,,5/18/10,EUR,No,C19,8140/3,C19.9,Yes,No,No,50.03780781,0:LIVING,6bc056f2-f06e-428f-aebc-85b780d880ed,M0,N0,T3,With Tumor,50.03780781,0:CENSORED,Yes,No,,No,,1,Male,,,,False,False,False,False,False,False,False,False,False,False,False,False,Unknown,Unknown
TCGA-AG-3725,0,10.492351,47.2498,TCGA-AG-3725,90,STAGE III,5TH,25,READ,638,-32872,0,,,20.9751126,0:ALIVE OR DEAD TUMOR FREE,,5/18/10,EUR,No,C19,8140/3,C19.9,Yes,Yes,No,20.9751126,0:LIVING,fd798ddf-7273-49b8-b13c-d9909c8c87ff,M0,N2,T3,With Tumor,20.9751126,0:CENSORED,Yes,No,,No,12,1,Female,READ_CIN,,26,True,True,False,False,False,False,False,False,False,False,False,False,Unknown,READ_CIN
TCGA-AG-3731,0,14.79829,51.813656,TCGA-AG-3731,65,STAGE IV,5TH,9,READ,1126,-23923,0,,,37.0187724,0:ALIVE OR DEAD TUMOR FREE,,5/18/10,EUR,No,C20,8140/3,C20.9,Yes,Yes,No,37.0187724,0:LIVING,72756208-a5ed-47d2-8c4c-19a8d39f7b9d,M1,N1,T3,With Tumor,37.0187724,0:CENSORED,Yes,No,,No,16,1,Male,READ_CIN,,18,True,True,True,False,False,False,False,False,False,False,False,False,Unknown,READ_CIN
TCGA-AG-3732,0,15.218091,48.920177,TCGA-AG-3732,78,STAGE I,5TH,-13,READ,1003,-28521,0,32.9749811,0:DiseaseFree,32.9749811,0:ALIVE OR DEAD TUMOR FREE,,5/18/10,EUR,No,C19,8140/3,C19.9,Yes,Yes,No,32.9749811,0:LIVING,a83923fd-276c-4526-9922-5ef741f551fd,M0,N0,T2,With Tumor,32.9749811,0:CENSORED,Yes,No,,No,8,1,Female,READ_CIN,,-24,False,True,False,False,False,False,False,False,False,False,False,False,Unknown,READ_CIN
TCGA-AG-3881,2,16.996788,-4.108437,TCGA-AG-3881,83,STAGE IIA,6TH,,READ,579,-30467,0,,,19.03540783,0:ALIVE OR DEAD TUMOR FREE,,5/18/10,EUR,No,C80.1,8480/3,C80.9,Yes,Yes,No,19.03540783,0:LIVING,b6ba7313-8e91-4c39-8629-db3e96f4c556,M0,N0,T3,With Tumor,19.03540783,0:CENSORED,Yes,No,,No,,1,Female,READ_CIN,,,True,False,True,False,False,False,False,False,False,False,False,False,Unknown,READ_CIN
TCGA-AG-3887,2,24.053104,-6.2373157,TCGA-AG-3887,68,STAGE IIA,6TH,,READ,1124,-24960,0,,,36.95301969,0:ALIVE OR DEAD TUMOR FREE,,5/18/10,EUR,No,C20,8480/3,C20.9,Yes,Yes,Yes,36.95301969,0:LIVING,8c7ccdb0-7653-4a8d-86b6-de39afc40765,M0,N0,T3,With Tumor,34.98043857,1:PROGRESSION,Yes,No,,Yes,,1,Male,READ_CIN,,,True,False,True,True,True,False,False,False,False,False,False,False,Unknown,READ_CIN
TCGA-AG-3890,2,23.120647,-7.6159368,TCGA-AG-3890,62,STAGE I,6TH,,READ,518,-22950,0,,,17.02995036,0:ALIVE OR DEAD TUMOR FREE,,5/18/10,EUR,No,C20,8140/3,C20.9,Yes,Yes,No,17.02995036,0:LIVING,e2d395f8-bf13-4fe4-8031-683b0eedd875,M0,N0,T2,With Tumor,17.02995036,0:CENSORED,Yes,Yes,,No,,1,Male,READ_CIN,,,True,True,False,False,False,False,False,False,False,False,False,False,Unknown,READ_CIN
TCGA-AG-3891,0,13.684401,52.152897,,,,,,,,,,,,,,,,,,,,,,,,,,,,,,,,,,,,,,,,,,,False,False,False,False,False,False,False,False,False,False,False,False,Unknown,Unknown
TCGA-AG-3892,2,21.243256,-5.0328765,TCGA-AG-3892,57,STAGE I,6TH,,READ,396,-20880,0,13.01903541,0:DiseaseFree,13.01903541,0:ALIVE OR DEAD TUMOR FREE,,5/18/10,EUR,No,C20,8140/3,C20.9,Yes,Yes,No,13.01903541,0:LIVING,ded3feb2-1079-4520-a7ca-f5b5fc73d7c5,M0,N0,T1,With Tumor,13.01903541,0:CENSORED,Yes,No,,No,,1,Female,READ_POLE,,,True,False,True,False,False,False,False,True,True,False,False,True,Unknown,READ_POLE
TCGA-AG-3893,2,21.76517,-4.01913,TCGA-AG-3893,74,STAGE IIIB,6TH,,READ,1065,-27272,0,35.01331492,0:DiseaseFree,35.01331492,0:ALIVE OR DEAD TUMOR FREE,,5/18/10,EUR,No,C19,8140/3,C19.9,Yes,Yes,No,35.01331492,0:LIVING,add567b7-29ef-4122-8a54-57d36f735e78,M0,N1,T3,With Tumor,35.01331492,0:CENSORED,Yes,No,,No,,1,Male,READ_CIN,,,True,True,False,False,False,False,False,False,False,False,False,False,Unknown,READ_CIN
TCGA-AG-3896,2,24.126493,-2.7820556,TCGA-AG-3896,85,STAGE I,6TH,,READ,31,-31046,0,,,1.019166913,0:ALIVE OR DEAD TUMOR FREE,,5/18/10,EUR,No,C20,8140/3,C20.9,Yes,Yes,,1.019166913,0:LIVING,9af35239-ffb9-4d4f-889e-f743da271eef,M0,N0,T2,With Tumor,1.019166913,0:CENSORED,No,No,,,,1,Female,READ_CIN,,,True,True,True,False,False,False,False,False,False,False,False,False,Unknown,READ_CIN
TCGA-AG-3901,2,22.056108,-3.9327095,TCGA-AG-3901,67,STAGE IIIB,6TH,,READ,761,-24502,0,,,25.0189039,0:ALIVE OR DEAD TUMOR FREE,,5/18/10,EUR,No,C19,8480/3,C19.9,Yes,Yes,,25.0189039,0:LIVING,1586cb0a-081a-4364-9470-46f9d0f0167d,M0,N1,T3,With Tumor,25.0189039,0:CENSORED,Yes,No,,No,,1,Female,READ_CIN,,,True,False,True,True,True,False,False,False,False,False,False,False,Unknown,READ_CIN
TCGA-AG-3999,2,17.438383,-6.9799323,TCGA-AG-3999,61,STAGE IIIC,6TH,,READ,853,-22311,0,,,28.04352829,0:ALIVE OR DEAD TUMOR FREE,,5/18/10,EUR,No,C19,8140/3,C19.9,Yes,No,Yes,28.04352829,0:LIVING,60778da8-d99e-4e51-96a2-3e900b3978d9,M0,N2,T3,With Tumor,26.00519446,1:PROGRESSION,Yes,No,,No,,1,Female,,,,False,False,False,False,False,False,False,False,False,False,False,False,Unknown,Unknown
TCGA-AG-4001,2,19.899475,-4.588134,TCGA-AG-4001,74,STAGE IIA,6TH,,READ,1096,-27302,0,,,36.03248184,0:ALIVE OR DEAD TUMOR FREE,,5/18/10,EUR,No,C19,8140/3,C19.9,Yes,Yes,No,36.03248184,0:LIVING,d846228f-67af-4b3b-9796-dbc263c2054c,M0,N0,T3,With Tumor,36.03248184,0:CENSORED,Yes,No,,No,,1,Female,READ_CIN,,,True,True,False,False,False,False,False,False,True,False,False,True,Unknown,READ_CIN
TCGA-AG-4022,2,4.2120013,-0.49935684,TCGA-AG-4022,59,STAGE II,5TH,7,READ,1400,-21823,0,46.02689286,0:DiseaseFree,46.02689286,0:ALIVE OR DEAD TUMOR FREE,,5/18/10,EUR,No,C20,8140/3,C20.9,Yes,Yes,No,46.02689286,0:LIVING,9084b672-8e65-4b7f-a256-32fd35aa8ab5,M0,N0,T3,With Tumor,46.02689286,0:CENSORED,Yes,No,,Yes,0,1,Female,READ_CIN,,-6,True,True,False,False,False,False,False,False,False,False,False,False,Unknown,READ_CIN
TCGA-AG-A00C,2,21.621042,-6.42481,TCGA-AG-A00C,49,STAGE IIIB,6TH,,READ,183,-18201,0,6.016372423,0:DiseaseFree,6.016372423,0:ALIVE OR DEAD TUMOR FREE,,6/15/11,EUR,No,C20,8140/3,C20.9,Yes,Yes,No,6.016372423,0:LIVING,ff004403-8cc5-43e6-bd1c-dde4eb1e6193,M0,N1,T3,With Tumor,6.016372423,0:CENSORED,Yes,No,,Yes,,1,Female,READ_CIN,,,True,True,True,True,False,False,False,False,False,False,False,False,Unknown,READ_CIN
TCGA-AG-A014,2,26.798853,-4.8123326,,,,,,,,,,,,,,,,,,,,,,,,,,,,,,,,,,,,,,,,,,,False,False,False,False,False,False,False,False,False,False,False,False,Unknown,Unknown
TCGA-AG-A016,2,24.274677,-5.554633,TCGA-AG-A016,55,STAGE IV,6TH,,READ,276,-20178,0,,,9.073873163,0:ALIVE OR DEAD TUMOR FREE,,6/15/11,EUR,No,C20,8140/3,C20.9,Yes,Yes,No,9.073873163,0:LIVING,9c7b5e85-5579-4d0f-a7ea-b9d081ac0037,M1,N2,T3,With Tumor,9.073873163,0:CENSORED,Yes,No,,No,,1,Male,READ_CIN,,,True,True,False,True,True,False,False,False,False,False,False,False,Unknown,READ_CIN
TCGA-AG-A01N,2,25.241167,-5.8327622,TCGA-AG-A01N,68,STAGE IV,6TH,,READ,943,-25049,0,,,31.00239997,0:ALIVE OR DEAD TUMOR FREE,,6/15/11,EUR,No,C20,8140/3,C20.9,Yes,Yes,No,31.00239997,0:LIVING,1118490d-75aa-43cc-b2a2-c2af61829ffc,M1,N0,T2,With Tumor,31.00239997,0:CENSORED,Yes,Yes,,No,,1,Female,READ_CIN,,,True,True,False,False,False,False,False,False,False,False,False,False,Unknown,READ_CIN
TCGA-AG-A01Y,2,26.08136,-5.802646,TCGA-AG-A01Y,49,STAGE II,5TH,,READ,0,-18112,0,,,0,0:ALIVE OR DEAD TUMOR FREE,,6/15/11,EUR,No,C20,8140/3,C20.9,Yes,Yes,,0,0:LIVING,a91f7a8c-e0fe-403a-9ef0-f7679b2761cc,M0,N0,T3,With Tumor,0,0:CENSORED,Yes,No,,,,1,Female,READ_CIN,,,True,True,False,False,False,False,False,False,False,False,False,False,Unknown,READ_CIN
TCGA-AG-A020,2,26.876753,-3.5935247,TCGA-AG-A020,57,STAGE III,5TH,,READ,31,-20851,0,,,1.019166913,0:ALIVE OR DEAD TUMOR FREE,,6/15/11,EUR,No,C20,8480/3,C20.9,Yes,Yes,,1.019166913,0:LIVING,19e46a3d-18c5-4927-8501-2265e2d617b8,M0,N1,T3,With Tumor,1.019166913,0:CENSORED,Yes,No,,,,1,Female,READ_CIN,,,True,True,True,True,True,False,False,False,False,False,False,False,Unknown,READ_CIN
TCGA-AG-A023,2,25.83213,-4.0294766,,,,,,,,,,,,,,,,,,,,,,,,,,,,,,,,,,,,,,,,,,,False,False,False,False,False,False,False,False,False,False,False,False,Unknown,Unknown
TCGA-AG-A025,2,25.930498,-5.0808473,TCGA-AG-A025,62,STAGE I,5TH,,READ,1520,-22952,0,,,49.9720551,0:ALIVE OR DEAD TUMOR FREE,,6/15/11,EUR,No,C20,8140/3,C20.9,Yes,No,,49.9720551,0:LIVING,9d7e0672-0a9e-4dbf-a583-80f4eb086ec6,M0,N0,T1,With Tumor,49.9720551,0:CENSORED,Yes,No,,,,1,Female,,,,False,False,False,False,False,False,False,False,False,False,False,False,Unknown,Unknown
TCGA-AG-A02X,2,22.177288,-3.7550972,TCGA-AG-A02X,77,STAGE I,6TH,,READ,1247,-28399,0,,,40.99681099,0:ALIVE OR DEAD TUMOR FREE,,6/15/11,EUR,No,C20,8140/3,C20.9,Yes,Yes,,40.99681099,0:LIVING,a424bfe7-5518-4c80-83c8-709a34320bc7,M0,N0,T2,With Tumor,40.99681099,0:CENSORED,Yes,No,,,,1,Male,READ_CIN,,,True,True,True,False,True,False,False,False,False,False,False,False,Unknown,READ_CIN
TCGA-AG-A032,2,25.035574,-2.215608,TCGA-AG-A032,68,STAGE IIIB,6TH,,READ,1157,-24865,0,,,38.03793931,0:ALIVE OR DEAD TUMOR FREE,,6/15/11,EUR,No,C20,8140/3,C20.9,Yes,No,Yes,38.03793931,0:LIVING,0bb786ee-07cf-4853-9b49-ec95cd14e282,M0,N1,T3,With Tumor,26.03807082,1:PROGRESSION,Yes,No,,Yes,,1,Male,,,,True,True,True,False,False,False,False,False,False,False,False,False,Unknown,Unknown
TCGA-AH-6544,1,-20.006182,-1.4588513,TCGA-AH-6544,60,,7TH,29,READ,1173,-21977,0,,,38.56396094,0:ALIVE OR DEAD TUMOR FREE,,7/21/11,EUR,No,C19,8140/3,C19.9,Yes,Yes,No,38.56396094,0:LIVING,835cbd02-4dbb-4273-9704-4b5d272493d7,M1,N1,T3,With Tumor,38.56396094,0:CENSORED,Yes,No,White,No,14,1,Male,READ_CIN,91,20,True,True,True,True,False,False,False,False,False,False,False,False,Unknown,READ_CIN
TCGA-AH-6903,1,-10.308411,3.3442109,TCGA-AH-6903,46,STAGE IIIB,7TH,17,READ,592,-17030,0,19.46280041,0:DiseaseFree,19.46280041,0:ALIVE OR DEAD TUMOR FREE,Not Hispanic Or Latino,7/26/11,EUR,No,C19,8480/3,C19.9,Yes,Yes,No,19.46280041,0:LIVING,1e89c189-7c8a-44c9-9b0f-2f625a285003,M0,N1B,T3,Tumor Free,19.46280041,0:CENSORED,Yes,No,White,No,18,1,Male,READ_GS,74.8,16,True,False,True,True,True,False,False,False,False,False,False,False,Unknown,READ_GS
TCGA-AU-3779,1,-1.0708776,2.4772048,TCGA-AU-3779,80,STAGE IIA,7TH,7,COAD,,-29460,0,,,14.49847125,0:ALIVE OR DEAD TUMOR FREE,Not Hispanic Or Latino,12/28/10,EUR,No,C18.7,8140/3,C18.7,Yes,Yes,,14.49847125,0:LIVING,fb4cc403-694c-421f-b360-3108b6d57ad5,M0,N0,T3,Tumor Free,14.49847125,0:CENSORED,Yes,No,White,No,10,1,Female,COAD_CIN,83,-6,True,True,False,False,False,False,False,False,False,False,False,False,Unknown,COAD_CIN
TCGA-AY-6196,1,-17.835705,-6.904295,TCGA-AY-6196,47,STAGE IIIC,7TH,-13,COAD,-9,-17311,0,,,0.197258112,0:ALIVE OR DEAD TUMOR FREE,Not Hispanic Or Latino,4/14/11,EUR,No,C18.2,8480/3,C18.2,Yes,Yes,,0.197258112,0:LIVING,2c30dc20-18a8-44f9-ab10-558c1e5634dc,,N2B,T3,Tumor Free,0.197258112,0:CENSORED,Yes,No,White,,-8,1,Male,COAD_CIN,,-34,False,True,False,False,False,True,False,False,False,False,False,False,Unknown,COAD_CIN
TCGA-AY-6386,1,-11.738754,-2.1198857,TCGA-AY-6386,66,STAGE IIIB,7TH,37,COAD,542,-24453,0,17.81898281,0:DiseaseFree,17.81898281,0:ALIVE OR DEAD TUMOR FREE,Not Hispanic Or Latino,6/1/11,AFR,No,,,,Yes,Yes,No,17.81898281,0:LIVING,35c9264f-34ec-4d75-ab80-aaac86108fc8,M0,N1A,T3,Tumor Free,17.81898281,0:CENSORED,Yes,No,Black or African American,No,28,1,Female,COAD_GS,86,30,True,False,True,True,True,False,False,False,False,False,False,False,Unknown,COAD_GS
TCGA-AY-A69D,1,-6.022071,-6.0565305,TCGA-AY-A69D,55,STAGE IIA,7TH,15,COAD,543,-20299,0,17.85185916,0:DiseaseFree,17.85185916,0:ALIVE OR DEAD TUMOR FREE,Not Hispanic Or Latino,6/18/13,AFR,No,C18.4,8140/3,C18.4,Yes,Yes,No,17.85185916,0:LIVING,ACD51808-870C-4684-A2DE-AA0B058729E1,M0,N0,T3,Tumor Free,17.85185916,0:CENSORED,Yes,No,Black or African American,No,16,1,Female,COAD_CIN,103,14,True,False,True,True,False,False,False,False,False,False,False,False,Unknown,COAD_CIN
TCGA-AZ-4313,1,-27.09146,-4.868181,TCGA-AZ-4313,51,STAGE I,6TH,35,COAD,2310,-18765,0,75.94437321,0:DiseaseFree,75.94437321,0:ALIVE OR DEAD TUMOR FREE,Not Hispanic Or Latino,2/11/11,EUR,No,C18.6,8140/3,C18.6,Yes,No,No,75.94437321,0:LIVING,1fd75c4d-e74c-410c-a150-814722c6c1cc,M0,N0,T1,Tumor Free,75.94437321,0:CENSORED,Yes,Yes,White,No,16,1,Female,,57,40,False,False,False,False,False,False,False,False,False,False,False,False,Unknown,Unknown
TCGA-AZ-4615,1,-15.305537,1.632318,TCGA-AZ-4615,84,STAGE IIIB,,31,COAD,1002,-30908,0,,,32.94210474,0:ALIVE OR DEAD TUMOR FREE,Not Hispanic Or Latino,3/22/11,EUR,No,C18.0,8140/3,C18.0,Yes,Yes,No,32.94210474,0:LIVING,bf69a4ce-ec7e-4752-a86d-dcc80e3c9a57,M0,N1,T3,,22.6189302,1:PROGRESSION,Yes,No,White,No,22,1,Male,COAD_MSI,84,22,False,False,False,False,False,True,False,False,False,False,False,False,MSI-H_proxy,COAD_MSI
TCGA-AZ-5403,1,-10.25245,2.533767,TCGA-AZ-5403,43,STAGE II,5TH,15,COAD,,-15983,0,,,62.7938324,1:DEAD WITH TUMOR,Not Hispanic Or Latino,8/26/11,EUR,No,C18.6,8140/3,C18.6,Yes,Yes,Yes,62.7938324,1:DECEASED,85a57cfe-f1c9-44d9-8b50-022c0d3438d1,MX,N0,T3,With Tumor,9.99441102,1:PROGRESSION,Yes,No,White,No,12,1,Male,COAD_CIN,,28,False,True,False,False,False,False,False,False,False,False,False,False,Unknown,COAD_CIN
TCGA-AZ-6601,1,-19.234701,-0.6451884,,,,,,,,,,,,,,,,,,,,,,,,,,,,,,,,,,,,,,,,,,,False,False,False,False,False,False,False,False,False,False,False,False,Unknown,Unknown
TCGA-AZ-6603,1,-14.215584,-2.262476,TCGA-AZ-6603,77,,5TH,9,COAD,,-28424,0,29.55584048,0:DiseaseFree,29.55584048,0:ALIVE OR DEAD TUMOR FREE,Not Hispanic Or Latino,9/2/11,EUR,No,C18.7,8140/3,C18.7,Yes,Yes,No,29.55584048,1:DECEASED,56d5b0b9-9093-4286-a2c6-7faa9a1680f5,MX,N1,T2,Tumor Free,29.55584048,0:CENSORED,Yes,No,White,No,12,1,Female,COAD_CIN,,-4,True,True,False,False,False,False,False,False,False,False,False,False,Unknown,COAD_CIN
TCGA-AZ-6605,1,-23.54965,-2.560568,TCGA-AZ-6605,77,STAGE IIIB,6TH,3,COAD,,-28485,0,,,5.227339974,0:ALIVE OR DEAD TUMOR FREE,Not Hispanic Or Latino,9/2/11,EUR,No,C18.2,8140/3,C18.2,Yes,Yes,No,5.227339974,1:DECEASED,849031de-ac8a-4012-9362-d192512997f1,M0,N1,T4,Tumor Free,5.227339974,0:CENSORED,Yes,No,White,No,18,1,Male,COAD_CIN,,14,True,True,False,False,False,False,False,True,False,False,False,True,Unknown,COAD_CIN
TCGA-AZ-6606,1,-18.934332,0.17306373,TCGA-AZ-6606,81,STAGE IV,6TH,17,COAD,,-29704,0,,,11.73685768,1:DEAD WITH TUMOR,Not Hispanic Or Latino,9/2/11,EUR,No,C18.0,8140/3,C18.0,Yes,Yes,No,11.73685768,1:DECEASED,c8d6fe73-3504-42a5-9723-e1916fba8208,M1,N2,T4,With Tumor,11.73685768,1:PROGRESSION,Yes,No,White,No,22,1,Male,COAD_CIN,,28,True,True,True,False,False,False,False,False,False,False,False,False,Unknown,COAD_CIN
TCGA-AZ-6607,1,-23.256554,-2.5988483,TCGA-AZ-6607,69,STAGE IV,6TH,19,COAD,,-25448,0,,,3.189006148,1:DEAD WITH TUMOR,Not Hispanic Or Latino,9/2/11,EUR,No,C18.7,8140/3,C18.7,Yes,No,No,3.189006148,1:DECEASED,64dcf1a5-c78c-4d3f-852c-15865b3b6189,M1,N2,T4,With Tumor,3.189006148,1:PROGRESSION,No,No,White,No,8,1,Male,,,20,False,True,True,False,False,False,False,False,False,False,False,False,Unknown,Unknown
TCGA-AZ-6608,1,-24.311037,-1.3344921,,,,,,,,,,,,,,,,,,,,,,,,,,,,,,,,,,,,,,,,,,,False,False,False,False,False,False,False,False,False,False,False,False,Unknown,Unknown
TCGA-CA-5255,1,-13.627398,2.731106,TCGA-CA-5255,45,STAGE IIA,6TH,33,COAD,376,-16743,0,12.36150837,0:DiseaseFree,12.36150837,0:ALIVE OR DEAD TUMOR FREE,Not Hispanic Or Latino,8/8/11,EAS,No,C18.9,8140/3,C18.9,Yes,Yes,No,12.36150837,0:LIVING,563d67a1-f1ba-4722-aa2d-9b35b1689468,M0,N0,T3,Tumor Free,12.36150837,0:CENSORED,No,No,Asian,Yes,20,1,Male,COAD_CIN,56,22,False,False,True,True,False,False,False,False,False,False,False,False,Unknown,COAD_CIN
TCGA-CA-6716,1,-5.1474752,4.2853227,TCGA-CA-6716,65,STAGE IIA,6TH,5,COAD,371,-23943,0,12.19712661,0:DiseaseFree,12.19712661,0:ALIVE OR DEAD TUMOR FREE,Not Hispanic Or Latino,8/8/11,EAS,No,C18.2,8260/3,C18.2,Yes,Yes,No,12.19712661,0:LIVING,95a54459-3fac-42d5-8ec1-ed66d971d64d,M0,N0,T3,Tumor Free,12.19712661,0:CENSORED,No,No,Asian,No,2,1,Male,COAD_CIN,58,-8,True,False,True,False,False,False,False,False,False,False,False,False,Unknown,COAD_CIN
TCGA-CA-6718,1,-13.082561,1.1258441,TCGA-CA-6718,46,STAGE IIA,6TH,19,COAD,3,-17109,0,6.805404872,1:Recurred/Progressed,10.06016372,1:DEAD WITH TUMOR,Not Hispanic Or Latino,8/8/11,EAS,No,C18.9,8140/3,C18.9,Yes,Yes,Yes,10.06016372,1:DECEASED,df5ab6cc-6f68-4b6b-95e2-954c6b57ba9c,M0,N0,T3,Tumor Free,6.805404872,1:PROGRESSION,No,No,Asian,No,18,1,Male,COAD_POLE,63,22,True,True,True,True,True,True,False,False,False,False,False,False,Unknown,COAD_POLE
TCGA-CA-6719,1,-13.890332,2.2646453,TCGA-CA-6719,77,STAGE IIA,6TH,21,COAD,435,-28343,0,,,14.30121314,0:ALIVE OR DEAD TUMOR FREE,Not Hispanic Or Latino,8/8/11,EAS,No,C18.6,8140/3,C18.6,Yes,Yes,Yes,14.30121314,0:LIVING,9cdca5d8-ea77-4df9-b2ba-0d5e8ec37bcd,M0,N0,T3,Tumor Free,11.63822862,1:PROGRESSION,No,No,Asian,No,10,1,Male,COAD_CIN,61,36,False,True,False,False,False,False,True,False,False,False,False,True,Unknown,COAD_CIN
TCGA-CI-6624,3,-18.62328,8.832338,TCGA-CI-6624,53,STAGE I,7TH,9,READ,1466,-19419,0,,,48.19673209,0:ALIVE OR DEAD TUMOR FREE,Not Hispanic Or Latino,9/15/11,EUR,No,C20,8140/3,C20.9,Yes,Yes,,48.19673209,0:LIVING,398da5c2-d9f2-4eb4-9813-21009d3ad048,M0,N0,T2,,48.19673209,0:CENSORED,,No,White,,14,1,Female,READ_CIN,,-4,True,True,False,False,False,False,False,False,False,False,False,False,Unknown,READ_CIN
TCGA-CK-5912,1,-13.966192,-0.41291597,TCGA-CK-5912,81,STAGE I,6TH,-3,COAD,1466,-29938,0,49.0843936,0:DiseaseFree,49.0843936,0:ALIVE OR DEAD TUMOR FREE,Not Hispanic Or Latino,2011-6-00,EUR,No,C18.2,8140/3,C18.2,Yes,Yes,No,49.0843936,1:DECEASED,c085da47-d634-491a-80ea-514e5a231f70,MX,N0,T2,Tumor Free,49.0843936,0:CENSORED,,Yes,White,No,14,1,Male,COAD_CIN,,-26,True,False,False,False,False,False,False,False,False,False,False,False,Unknown,COAD_CIN
TCGA-CK-6747,1,-14.647498,-0.7177287,TCGA-CK-6747,87,STAGE IIA,6TH,25,COAD,2523,-32052,0,82.9470362,0:DiseaseFree,82.9470362,0:ALIVE OR DEAD TUMOR FREE,Not Hispanic Or Latino,2011-8-00,EUR,No,C18.0,8140/3,C18.0,Yes,Yes,No,82.9470362,0:LIVING,755d3bde-76c3-45c1-8427-8e4d5d686dc1,MX,N0,T3,Tumor Free,82.9470362,0:CENSORED,,No,White,No,22,1,Female,COAD_GS,,26,True,True,False,True,False,True,False,False,False,False,False,False,Unknown,COAD_GS
TCGA-CM-4744,1,-15.300646,-2.3948634,TCGA-CM-4744,69,STAGE I,,35,COAD,609,-25506,0,20.02169839,0:DiseaseFree,20.02169839,0:ALIVE OR DEAD TUMOR FREE,Not Hispanic Or Latino,1/24/11,EUR,No,C18.0,8140/3,C18.0,Yes,Yes,No,20.02169839,0:LIVING,cc15469c-7bad-4e86-9da3-ae0c72e9d380,M0,N0,T2,Tumor Free,20.02169839,0:CENSORED,Yes,No,White,No,14,1,Male,COAD_CIN,89.7,38,True,False,True,False,False,False,False,False,False,False,False,False,Unknown,COAD_CIN
TCGA-CM-4746,1,-11.927533,-2.1084154,TCGA-CM-4746,61,STAGE I,,,COAD,1126,-22403,0,37.0187724,0:DiseaseFree,37.0187724,0:ALIVE OR DEAD TUMOR FREE,Not Hispanic Or Latino,1/10/11,AFR,No,C18.7,8140/3,C18.7,Yes,Yes,No,37.0187724,0:LIVING,c0b8c55c-b993-481d-aeea-9ebfa64ee20e,M0,N0,T2,Tumor Free,37.0187724,0:CENSORED,Yes,No,Black or African American,No,,1,Male,COAD_MSI,98,,True,True,True,True,False,False,True,True,False,False,False,True,MSI-H_proxy,COAD_MSI
TCGA-CM-4751,1,-17.00083,-4.689304,TCGA-CM-4751,62,STAGE IIIB,7TH,35,COAD,822,-22891,0,27.02436138,0:DiseaseFree,27.02436138,0:ALIVE OR DEAD TUMOR FREE,Not Hispanic Or Latino,8/8/11,EUR,No,C18.0,8140/3,C18.0,Yes,Yes,No,27.02436138,0:LIVING,e3ca9046-9634-4332-b19f-88b18110f941,M0,N1B,T3,Tumor Free,27.02436138,0:CENSORED,Yes,No,White,No,22,1,Male,COAD_CIN,115,44,False,True,True,True,False,False,False,False,False,False,False,False,Unknown,COAD_CIN
TCGA-CM-4752,1,-21.644476,-4.427458,TCGA-CM-4752,58,STAGE IIA,,,COAD,396,-21519,0,13.01903541,0:DiseaseFree,13.01903541,0:ALIVE OR DEAD TUMOR FREE,Not Hispanic Or Latino,1/10/11,AFR_ADMIX,No,C18.2,8140/3,C18.2,Yes,Yes,No,13.01903541,0:LIVING,7ea546ce-f48a-4d9c-96b4-a0124c692870,M0,N0,T3,Tumor Free,13.01903541,0:CENSORED,Yes,No,Black or African American,No,,1,Male,COAD_CIN,71.2,,True,True,False,True,False,False,False,False,False,False,False,False,Unknown,COAD_CIN
TCGA-CM-5349,1,-26.058645,-4.008114,TCGA-CM-5349,68,STAGE IIA,7TH,15,COAD,915,-24867,0,,,30.08186212,0:ALIVE OR DEAD TUMOR FREE,Not Hispanic Or Latino,5/3/11,EUR,No,C18.0,8140/3,C18.0,Yes,Yes,No,30.08186212,0:LIVING,227f945f-76fd-4a63-9609-d4e730a3d22a,M0,N0,T3,Tumor Free,30.08186212,0:CENSORED,Yes,No,White,No,16,1,Female,COAD_CIN,54.4,32,True,False,True,False,False,False,False,False,False,False,False,False,Unknown,COAD_CIN
TCGA-CM-5860,1,-19.311485,-5.3326263,TCGA-CM-5860,44,STAGE IIA,7TH,25,COAD,974,-16344,0,,,32.02156689,0:ALIVE OR DEAD TUMOR FREE,Not Hispanic Or Latino,7/11/11,EUR,No,C18.2,8140/3,C18.2,Yes,Yes,No,32.02156689,0:LIVING,96e013d9-8e89-46a7-8d07-bae95af36708,M0,N0,T3,Tumor Free,32.02156689,0:CENSORED,Yes,No,White,No,20,1,Male,COAD_CIN,100.7,26,True,True,False,True,False,False,False,False,False,False,False,False,Unknown,COAD_CIN
TCGA-CM-6164,1,-24.226528,-2.795972,TCGA-CM-6164,46,STAGE IIA,6TH,7,COAD,883,-16802,0,,,29.02981885,0:ALIVE OR DEAD TUMOR FREE,Not Hispanic Or Latino,7/19/11,EUR,No,C18.7,8140/3,C18.7,Yes,Yes,No,29.02981885,0:LIVING,6a4031c6-ee88-48be-81a5-a522720edd02,M0,N0,T3,Tumor Free,29.02981885,0:CENSORED,Yes,No,White,No,14,1,Female,COAD_CIN,59,12,True,True,True,False,False,False,False,False,False,False,False,False,Unknown,COAD_CIN
TCGA-CM-6166,1,-22.608488,-4.748291,TCGA-CM-6166,48,STAGE I,7TH,17,COAD,669,-17807,0,,,21.99427952,0:ALIVE OR DEAD TUMOR FREE,Not Hispanic Or Latino,7/19/11,EUR,No,C18.2,8140/3,C18.2,Yes,Yes,No,21.99427952,0:LIVING,aedde4a5-6520-40b9-9721-c9b826490b7a,M0,N0,T2,Tumor Free,21.99427952,0:CENSORED,Yes,No,White,No,18,1,Female,COAD_CIN,45,22,True,True,True,False,False,False,False,False,False,False,False,False,Unknown,COAD_CIN
TCGA-CM-6167,1,-21.81384,-6.9305367,TCGA-CM-6167,57,STAGE IIIC,7TH,-9,COAD,456,-21031,0,,,14.99161653,0:ALIVE OR DEAD TUMOR FREE,Not Hispanic Or Latino,7/19/11,AFR,No,C18.0,8140/3,C18.0,Yes,Yes,No,14.99161653,0:LIVING,d42bc7f0-cfb2-4ece-ae47-521308635633,M0,N2B,T3,Tumor Free,14.99161653,0:CENSORED,Yes,No,Black or African American,No,-8,1,Female,COAD_CIN,89,-6,True,True,False,False,False,False,False,False,False,False,False,False,Unknown,COAD_CIN
TCGA-CM-6171,1,-11.473267,-0.7212441,TCGA-CM-6171,77,STAGE I,7TH,9,COAD,427,-28307,0,,,14.03820232,0:ALIVE OR DEAD TUMOR FREE,Not Hispanic Or Latino,7/19/11,EUR,No,C18.2,8140/3,C18.2,Yes,Yes,No,14.03820232,0:LIVING,eed7405f-f8f3-41a4-a0e7-242f23087f59,M0,N0,T2,Tumor Free,14.03820232,0:CENSORED,Yes,No,White,No,16,1,Female,COAD_MSI,71.2,8,False,False,False,True,True,True,True,False,False,False,False,True,MSI-H_proxy,COAD_MSI
TCGA-CM-6172,1,-18.719917,1.854517,TCGA-CM-6172,70,STAGE IIIB,7TH,-3,COAD,335,-25902,0,,,11.01357793,0:ALIVE OR DEAD TUMOR FREE,Not Hispanic Or Latino,7/26/11,EUR,No,C18.7,8140/3,C18.7,Yes,Yes,No,11.01357793,0:LIVING,40c217ee-429f-41f4-adc6-db9186622b17,M0,N1A,T3,Tumor Free,11.01357793,0:CENSORED,Yes,No,White,No,8,1,Female,COAD_CIN,77.6,-18,True,True,False,False,False,False,False,False,False,False,False,False,Unknown,COAD_CIN
TCGA-CM-6677,1,-24.410452,-6.424279,TCGA-CM-6677,75,STAGE IIA,7TH,19,COAD,337,-27575,0,,,11.07933064,0:ALIVE OR DEAD TUMOR FREE,Not Hispanic Or Latino,2011-8-00,EUR,No,C18.3,8140/3,C18.3,Yes,Yes,No,11.07933064,0:LIVING,a85e8208-a6f5-4e91-8f35-ef574f4273fc,M0,N0,T3,Tumor Free,11.07933064,0:CENSORED,Yes,No,White,No,18,1,Female,COAD_CIN,99.5,24,True,True,False,False,False,False,False,False,False,False,False,False,Unknown,COAD_CIN
TCGA-D5-5538,1,-16.811182,-2.4032407,TCGA-D5-5538,60,STAGE IIIB,,33,COAD,373,-21974,0,,,54.60762074,1:DEAD WITH TUMOR,Not Hispanic Or Latino,2/16/11,EUR,No,C18.0,8140/3,C18.0,Yes,Yes,Yes,54.60762074,1:DECEASED,0dacc5ce-498f-4c60-9f78-7a013ffaa9ce,M0,N1B,T3,Tumor Free,33.1064865,1:PROGRESSION,Yes,No,White,No,22,1,Female,COAD_CIN,70,34,True,True,True,False,True,False,False,False,False,False,False,False,Unknown,COAD_CIN
TCGA-D5-6531,1,-11.363736,-0.04706401,TCGA-D5-6531,75,STAGE IIA,,35,COAD,540,-27633,0,,,17.7532301,0:ALIVE OR DEAD TUMOR FREE,Not Hispanic Or Latino,5/13/11,EUR,No,C18.3,8140/3,C18.3,Yes,Yes,No,17.7532301,0:LIVING,e4c0d890-a634-48bd-9108-e674532b0d2e,M0,N0,T3,Tumor Free,17.7532301,0:CENSORED,Yes,No,White,No,18,1,Male,COAD_CIN,60,38,False,True,True,False,False,False,False,False,False,False,False,False,Unknown,COAD_CIN
TCGA-D5-6532,1,-15.968229,-2.5033164,TCGA-D5-6532,61,STAGE IIA,,23,COAD,555,-22344,0,,,18.24637538,0:ALIVE OR DEAD TUMOR FREE,Not Hispanic Or Latino,5/13/11,EUR,No,C18.7,8140/3,C18.7,Yes,Yes,No,18.24637538,0:LIVING,ac13d568-f79e-4ba7-b7bf-18e4354e0920,M0,N0,T3,Tumor Free,18.24637538,0:CENSORED,Yes,No,White,No,18,1,Male,COAD_GS,92,2,True,True,True,True,True,False,False,False,False,False,False,False,Unknown,COAD_GS
TCGA-D5-6536,1,-20.23152,-1.7367011,TCGA-D5-6536,73,STAGE IIA,7TH,17,COAD,543,-26890,0,,,17.85185916,0:ALIVE OR DEAD TUMOR FREE,Not Hispanic Or Latino,6/9/11,EUR,No,C18.9,8140/3,C18.9,Yes,Yes,Yes,17.85185916,0:LIVING,e83e5700-f968-4978-bb78-56a83936ce8c,M0,N0,T3,With Tumor,16.20804156,1:PROGRESSION,Yes,No,White,No,16,1,Male,COAD_CIN,83,38,True,False,True,False,False,False,False,False,False,False,False,False,Unknown,COAD_CIN
TCGA-D5-6537,1,-22.845678,-3.0993645,TCGA-D5-6537,64,STAGE IIIB,7TH,35,COAD,137,-23381,0,,,4.799947398,1:DEAD WITH TUMOR,Not Hispanic Or Latino,6/9/11,EUR,No,C18.4,8140/3,C18.4,Yes,Yes,Yes,4.799947398,1:DECEASED,ebc5a6f8-34fd-48c1-a2b9-7f60f45fbf27,MX,N1A,T3,Tumor Free,4.043791301,1:PROGRESSION,Yes,No,White,No,22,1,Male,COAD_GS,80,32,True,False,True,True,False,False,False,False,False,False,False,False,Unknown,COAD_GS
TCGA-D5-6540,1,-23.975185,-4.58779,TCGA-D5-6540,66,STAGE I,,39,COAD,491,-24282,0,,,16.14228885,0:ALIVE OR DEAD TUMOR FREE,Not Hispanic Or Latino,5/16/11,EUR,No,C18.0,8480/3,C18.0,Yes,Yes,No,16.14228885,0:LIVING,b08b5f49-9434-4653-9772-097ec29b2ca3,M0,N0,T2,Tumor Free,16.14228885,0:CENSORED,Yes,No,White,No,22,1,Male,COAD_MSI,86,34,True,True,False,False,False,True,False,False,False,False,False,False,MSI-H_proxy,COAD_MSI
TCGA-D5-6541,1,-12.160481,-0.55775744,TCGA-D5-6541,49,STAGE IIA,,11,COAD,474,-18029,0,,,15.58339087,0:ALIVE OR DEAD TUMOR FREE,Not Hispanic Or Latino,5/16/11,EUR,No,C18.5,8140/3,C18.5,Yes,Yes,No,15.58339087,0:LIVING,39aec099-a33e-47a4-a602-cbf65ddd3830,M0,N0,T3,Tumor Free,15.58339087,0:CENSORED,Yes,No,White,No,0,1,Male,COAD_CIN,85,12,False,True,True,True,False,False,False,False,False,False,False,False,Unknown,COAD_CIN
TCGA-D5-6929,1,-19.832863,-3.6626787,TCGA-D5-6929,49,STAGE IV,7TH,27,COAD,408,-17919,0,,,13.41355163,0:ALIVE OR DEAD TUMOR FREE,Not Hispanic Or Latino,7/21/11,EUR,No,C18.9,8140/3,C18.9,Yes,Yes,No,13.41355163,0:LIVING,64b0461f-038d-4712-948e-818dc2f10eef,M1,N1,T3,With Tumor,13.41355163,0:CENSORED,Yes,No,White,No,16,1,Female,COAD_CIN,80,14,True,True,False,False,False,False,False,False,False,False,False,False,Unknown,COAD_CIN
TCGA-D5-6930,1,-7.7860975,1.8112134,TCGA-D5-6930,67,STAGE IIA,7TH,31,COAD,406,-24764,0,,,13.34779893,0:ALIVE OR DEAD TUMOR FREE,Not Hispanic Or Latino,7/21/11,EUR,No,C18.0,8480/3,C18.0,Yes,Yes,No,13.34779893,0:LIVING,286cbae3-8324-43b7-9b20-0f40dda1588e,M0,N0,T3,Tumor Free,13.34779893,0:CENSORED,Yes,No,White,No,10,1,Male,COAD_MSI,90,26,False,False,False,False,False,True,False,True,True,False,False,True,MSI-H_proxy,COAD_MSI
TCGA-D5-6932,1,-9.344786,5.8496385,TCGA-D5-6932,69,STAGE IIA,7TH,33,COAD,346,-25466,0,,,11.37521781,0:ALIVE OR DEAD TUMOR FREE,Not Hispanic Or Latino,7/21/11,EUR,No,C18.9,8140/3,C18.9,Yes,Yes,No,11.37521781,0:LIVING,131e0571-de86-415f-b3fb-dc9f971258d3,M0,N0,T3,Tumor Free,11.37521781,0:CENSORED,Yes,No,White,No,8,1,Male,COAD_CIN,75,18,True,True,True,False,False,False,False,False,False,False,False,False,Unknown,COAD_CIN
TCGA-DC-5869,1,-25.13322,-7.2179656,TCGA-DC-5869,62,STAGE IIIB,7TH,21,READ,943,-22676,0,,,31.00239997,0:ALIVE OR DEAD TUMOR FREE,Not Hispanic Or Latino,7/26/11,AFR,No,C20,8140/3,C20.9,Yes,Yes,No,31.00239997,0:LIVING,cd05d121-f107-4c8e-95a8-153a84f5134a,M0,N1A,T3,Tumor Free,31.00239997,0:CENSORED,Yes,No,Black or African American,No,24,1,Female,READ_CIN,62.4,22,True,True,False,False,False,False,False,False,False,False,False,False,Unknown,READ_CIN
TCGA-DC-6155,1,-25.001799,-5.8349404,TCGA-DC-6155,31,STAGE IIIA,7TH,13,READ,425,-11381,0,,,13.97244962,0:ALIVE OR DEAD TUMOR FREE,Not Hispanic Or Latino,7/26/11,EUR,No,C19,8140/3,C19.9,Yes,Yes,No,13.97244962,0:LIVING,eb75ca70-e60f-453f-820c-485390abad88,M0,N1B,T2,Tumor Free,13.97244962,0:CENSORED,Yes,No,White,No,2,1,Female,READ_CIN,55.3,0,False,True,True,False,False,False,False,False,False,False,False,False,Unknown,READ_CIN
TCGA-DC-6158,1,-24.290861,-4.633586,TCGA-DC-6158,70,STAGE I,7TH,11,READ,216,-25842,0,,,10.98070158,0:ALIVE OR DEAD TUMOR FREE,Not Hispanic Or Latino,7/26/11,EUR,No,C20,8140/3,C20.9,Yes,Yes,No,10.98070158,1:DECEASED,0011a67b-1ba9-4a32-a6b8-7850759a38cf,M0,N0,T2,Tumor Free,10.98070158,0:CENSORED,Yes,No,White,No,16,1,Male,READ_CIN,71.7,2,True,True,False,True,False,False,False,False,False,False,False,False,Unknown,READ_CIN
TCGA-DC-6683,1,-20.675623,-7.441663,TCGA-DC-6683,43,STAGE IIIB,7TH,19,READ,762,-15918,0,,,25.05178025,0:ALIVE OR DEAD TUMOR FREE,Not Hispanic Or Latino,2011-8-00,EUR,No,C19,8140/3,C19.9,Yes,Yes,No,25.05178025,0:LIVING,16a9e1c5-85c2-4930-a16c-af59114bac9a,M0,N1B,T3,Tumor Free,25.05178025,0:CENSORED,Yes,No,White,No,10,1,Male,READ_CIN,82.6,6,False,True,True,False,False,False,False,False,False,False,False,False,Unknown,READ_CIN
TCGA-DM-A0X9,1,-10.18451,2.8571947,TCGA-DM-A0X9,71,STAGE IIA,,13,COAD,3641,-26217,0,,,119.7027978,0:ALIVE OR DEAD TUMOR FREE,Not Hispanic Or Latino,3/10/11,EUR,No,C18.2,8140/3,C18.2,Yes,Yes,No,119.7027978,0:LIVING,75ea63a9-357b-4566-bd78-eaa67809decd,M0,N0,T3,,119.7027978,0:CENSORED,Yes,No,White,,16,1,Female,COAD_GS,86,22,True,False,True,True,False,False,False,False,False,False,False,False,Unknown,COAD_GS
TCGA-DM-A0XD,1,-0.567853,2.9053345,TCGA-DM-A0XD,65,STAGE IIA,,35,COAD,,-23966,0,,,24.42712957,,Not Hispanic Or Latino,3/15/11,EUR,No,C18.0,8140/3,C18.0,Yes,Yes,Yes,24.42712957,1:DECEASED,a56f6562-d2af-47b9-bf81-94b3b4893173,M0,N0,T3,,15.91215439,1:PROGRESSION,Yes,No,White,,22,1,Male,COAD_CIN,62,40,True,True,True,True,False,False,False,False,False,False,False,False,Unknown,COAD_CIN
TCGA-DM-A0XF,1,-4.6550965,6.0902867,TCGA-DM-A0XF,68,STAGE IIIC,,25,COAD,,-25032,0,,,38.20232107,,Not Hispanic Or Latino,3/15/11,EUR,No,C18.7,8140/3,C18.7,Yes,Yes,No,38.20232107,1:DECEASED,b823d6e5-54b0-43d3-95e2-9be33dc6f734,M0,N2,T3,,38.20232107,0:CENSORED,Yes,No,White,,18,1,Female,COAD_CIN,85,22,True,True,False,False,False,False,False,False,False,False,False,False,Unknown,COAD_CIN
TCGA-DM-A1D0,1,-9.069727,4.709799,TCGA-DM-A1D0,79,STAGE IIA,,25,COAD,3974,-28875,0,,,130.650623,0:ALIVE OR DEAD TUMOR FREE,Not Hispanic Or Latino,2011-5-00,EUR,No,C18.7,8140/3,C18.7,Yes,Yes,No,130.650623,0:LIVING,1b0b0533-7c4f-4edd-a75e-8b56f49d54ab,M0,N0,T3,,130.650623,0:CENSORED,Yes,No,White,,10,1,Female,COAD_CIN,65,24,True,True,True,False,False,False,False,False,False,False,False,False,Unknown,COAD_CIN
TCGA-DM-A1D7,1,-9.25095,5.1426926,TCGA-DM-A1D7,82,STAGE IIA,,23,COAD,405,-30142,0,,,13.31492258,,Not Hispanic Or Latino,2011-5-00,EUR,No,C18.7,8480/3,C18.7,Yes,Yes,Yes,13.31492258,1:DECEASED,fac2c617-8149-45bb-b766-fbe13dc3c425,M0,N0,T3,,2.630108163,1:PROGRESSION,Yes,No,White,,10,1,Male,COAD_GS,75,12,True,True,True,False,False,True,False,False,False,False,False,False,Unknown,COAD_GS
TCGA-DM-A1D8,1,-8.534541,1.3833256,TCGA-DM-A1D8,50,,,3,COAD,383,-18311,0,,,12.59164283,,Not Hispanic Or Latino,2011-5-00,EUR,No,C18.2,8140/3,C18.2,Yes,Yes,No,12.59164283,1:DECEASED,92c043b6-8d53-4c1c-808a-c4be5e2926e6,,N1,T3,,12.59164283,0:CENSORED,Yes,No,White,,6,1,Female,COAD_CIN,65,10,True,True,True,True,True,False,False,False,False,False,False,False,Unknown,COAD_CIN
TCGA-DM-A280,1,-2.0820768,10.681621,TCGA-DM-A280,70,STAGE IIA,6TH,35,COAD,236,-25649,0,,,7.758819081,,Not Hispanic Or Latino,7/27/11,EUR,No,C18.2,8480/3,C18.2,Yes,Yes,No,7.758819081,1:DECEASED,6775CE57-B4CF-425C-A898-061BB9A8A1A8,M0,N0,T3,,7.758819081,0:CENSORED,Yes,No,White,,18,1,Female,COAD_GS,63,44,True,False,True,True,False,False,False,False,False,False,False,False,Unknown,COAD_GS
TCGA-DM-A28E,1,-5.9342546,2.6994717,TCGA-DM-A28E,72,STAGE IIA,6TH,1,COAD,3648,-26602,0,,,119.9329322,0:ALIVE OR DEAD TUMOR FREE,Not Hispanic Or Latino,8/2/11,EUR,No,C18.7,8140/3,C18.7,Yes,Yes,No,119.9329322,0:LIVING,85BDC1AC-A1A4-46C2-BC2D-E5FABF5C89E9,M0,N0,T3,,119.9329322,0:CENSORED,Yes,No,White,,10,1,Female,COAD_CIN,75,-14,True,True,True,False,False,False,False,False,False,False,False,False,Unknown,COAD_CIN
TCGA-DM-A28G,1,-9.804167,7.886398,TCGA-DM-A28G,75,STAGE IIA,6TH,5,COAD,1849,-27641,0,,,60.78837492,,Not Hispanic Or Latino,7/27/11,EUR,No,C18.2,8140/3,C18.2,Yes,Yes,No,60.78837492,1:DECEASED,FFA7E03A-4A3C-41F0-937A-4FB862FD2194,M0,N0,T3,,60.78837492,0:CENSORED,Yes,No,White,,14,1,Male,COAD_GS,90,6,True,False,True,False,False,False,False,False,False,False,False,False,Unknown,COAD_GS
TCGA-DM-A28H,1,-6.3499894,4.8445544,TCGA-DM-A28H,50,STAGE IIIC,6TH,19,COAD,3561,-18325,0,,,117.0726896,0:ALIVE OR DEAD TUMOR FREE,Not Hispanic Or Latino,7/27/11,EUR,No,C18.0,8140/3,C18.0,Yes,Yes,Yes,117.0726896,0:LIVING,AEC0C661-AFAC-4F7A-8C31-154D743F2499,M0,N2,T3,,15.91215439,1:PROGRESSION,Yes,No,White,,14,1,Male,COAD_CIN,87,20,True,True,False,False,True,False,False,False,False,False,False,False,Unknown,COAD_CIN
TCGA-DM-A28K,1,-5.6502666,3.577844,TCGA-DM-A28K,75,STAGE IIA,6TH,21,COAD,2988,-27428,0,,,98.2345399,0:ALIVE OR DEAD TUMOR FREE,Not Hispanic Or Latino,7/27/11,EUR,No,C18.3,8480/3,C18.3,Yes,Yes,No,98.2345399,0:LIVING,3E1886A8-2ED2-41EE-8B58-10F5321ADE6F,M0,N0,T3,,98.2345399,0:CENSORED,Yes,No,White,,18,1,Male,COAD_CIN,78,16,True,False,True,False,True,False,False,False,False,False,False,False,Unknown,COAD_CIN
TCGA-DM-A28M,1,-13.835708,3.5099287,TCGA-DM-A28M,63,STAGE IIA,6TH,35,COAD,2895,-23043,0,,,95.17703916,0:ALIVE OR DEAD TUMOR FREE,Not Hispanic Or Latino,7/27/11,EUR,No,C18.6,8140/3,C18.6,Yes,Yes,No,95.17703916,0:LIVING,C48E2CE0-3806-4675-92F3-D38FF67C5EFA,M0,N0,T3,,95.17703916,0:CENSORED,Yes,No,White,,14,1,Male,COAD_CIN,90,26,True,False,True,True,False,False,False,False,False,False,False,False,Unknown,COAD_CIN
TCGA-DY-A0XA,1,-9.725216,1.8344005,TCGA-DY-A0XA,57,STAGE IIA,,19,READ,3846,-21115,0,,,126.44245,0:ALIVE OR DEAD TUMOR FREE,Not Hispanic Or Latino,6/21/11,EUR,No,C19,8140/3,C19.9,Yes,Yes,No,126.44245,0:LIVING,9df9af6b-00b0-47af-aac7-b52dac399ba5,M0,N0,T3,,126.44245,0:CENSORED,Yes,No,White,,14,1,Female,READ_CIN,64,12,True,True,False,True,False,False,False,False,False,False,False,False,Unknown,READ_CIN
TCGA-DY-A1DF,1,-6.2632217,4.711494,TCGA-DY-A1DF,73,STAGE IIIC,,-3,READ,734,-26763,0,,,24.1312424,,Not Hispanic Or Latino,2011-5-00,EUR,No,C19,8140/3,C19.9,Yes,Yes,,24.1312424,1:DECEASED,b1a787b6-8e94-4b1b-b063-3338c80eef78,M0,N2,T3,,24.1312424,0:CENSORED,Yes,No,White,,-4,1,Female,READ_CIN,75,-4,True,True,True,False,True,False,False,False,False,False,False,False,Unknown,READ_CIN
TCGA-EI-6508,1,-23.843475,-2.8280628,TCGA-EI-6508,48,STAGE IIIB,7TH,29,READ,636,-17827,0,,,20.9093599,0:ALIVE OR DEAD TUMOR FREE,Not Hispanic Or Latino,6/9/11,EUR,No,C20,8263/3,C20.9,Yes,Yes,No,20.9093599,0:LIVING,d8bfcc67-f5c3-42cd-9fc4-bd483f896da1,M0,N1A,T3,Tumor Free,20.9093599,0:CENSORED,Yes,No,White,No,18,1,Female,READ_CIN,66,22,True,True,False,False,True,False,False,False,False,False,False,False,Unknown,READ_CIN
TCGA-EI-6509,1,-2.1744196,2.324623,TCGA-EI-6509,53,STAGE IIIC,7TH,31,READ,517,-19666,0,,,16.99707401,0:ALIVE OR DEAD TUMOR FREE,Not Hispanic Or Latino,5/13/11,EUR,No,C20,8263/3,C20.9,Yes,Yes,Yes,16.99707401,0:LIVING,652e503a-1be8-445b-96d6-ff114f911e76,M0,N2B,T3,Tumor Free,2.958871684,1:PROGRESSION,Yes,No,White,No,24,1,Male,READ_CIN,82,16,True,True,False,False,False,False,False,False,False,False,False,False,Unknown,READ_CIN
TCGA-EI-6510,1,-17.480263,-0.13796914,TCGA-EI-6510,77,STAGE IVA,7TH,9,READ,556,-28328,0,,,18.27925173,0:ALIVE OR DEAD TUMOR FREE,Not Hispanic Or Latino,6/9/11,EUR,No,C20,8263/3,C20.9,Yes,Yes,No,18.27925173,0:LIVING,093ca3a7-f545-468a-85ed-a35c3da03628,MX,N0,T2,Tumor Free,18.27925173,0:CENSORED,Yes,No,White,No,12,1,Female,READ_GS,59,-2,True,True,True,False,False,False,False,False,False,False,False,False,Unknown,READ_GS
TCGA-EI-6512,1,-18.153828,-3.9381707,TCGA-EI-6512,64,STAGE IIIB,7TH,37,READ,538,-23537,0,,,17.6874774,0:ALIVE OR DEAD TUMOR FREE,Not Hispanic Or Latino,5/13/11,EUR,No,C20,8263/3,C20.9,Yes,Yes,No,17.6874774,0:LIVING,25b43e40-e1f9-42a0-8052-5138f381eed9,M0,N1,T3,Tumor Free,17.6874774,0:CENSORED,Yes,No,White,No,22,1,Female,READ_CIN,61,36,True,True,True,False,False,False,False,False,False,False,False,False,Unknown,READ_CIN
TCGA-EI-6514,1,-16.944803,-2.2313383,TCGA-EI-6514,59,STAGE IIA,7TH,-9,READ,496,-21618,0,,,16.30667061,0:ALIVE OR DEAD TUMOR FREE,Not Hispanic Or Latino,5/13/11,EUR,No,C20,8263/3,C20.9,Yes,Yes,No,16.30667061,0:LIVING,40974ab3-e532-4d6e-9c98-ee640f3976d6,M0,N0,T3,Tumor Free,16.30667061,0:CENSORED,Yes,No,White,No,-6,1,Female,READ_CIN,,-26,True,True,False,False,False,False,False,False,False,False,False,False,Unknown,READ_CIN
TCGA-EI-6884,1,-12.07033,2.115379,TCGA-EI-6884,71,STAGE IIIA,7TH,7,READ,328,-25995,0,,,10.78344347,0:ALIVE OR DEAD TUMOR FREE,Not Hispanic Or Latino,7/18/11,EUR,No,C20,8211/3,C20.9,Yes,Yes,No,10.78344347,0:LIVING,b2b125c7-8993-4424-b390-048ccccc9d08,M0,N1,T3,Tumor Free,10.78344347,0:CENSORED,Yes,No,White,No,16,1,Male,READ_CIN,73,0,True,True,False,False,False,False,True,False,False,False,False,True,Unknown,READ_CIN
TCGA-EI-6917,1,-5.817429,3.4007976,TCGA-EI-6917,33,STAGE IIIA,7TH,29,READ,531,-12113,0,,,17.45734293,0:ALIVE OR DEAD TUMOR FREE,Not Hispanic Or Latino,7/18/11,EUR,No,C20,8255/3,C20.9,Yes,Yes,No,17.45734293,0:LIVING,0cb21fb0-520f-4105-99ec-697a335115b5,M0,N1,T3,Tumor Free,17.45734293,0:CENSORED,Yes,No,White,No,24,1,Male,READ_POLE,80,30,True,True,False,True,True,True,True,True,True,True,False,True,Unknown,READ_POLE
TCGA-F4-6459,1,-8.343079,0.26488778,TCGA-F4-6459,61,STAGE IIIB,7TH,25,COAD,0,-22574,0,,,8.613604235,0:ALIVE OR DEAD TUMOR FREE,Not Hispanic Or Latino,6/20/11,EUR,No,C18.7,8140/3,C18.7,Yes,Yes,No,8.613604235,1:DECEASED,9fd08502-355b-4f5a-a25c-73ec7184f6d3,M0,N2A,T3,Tumor Free,8.613604235,0:CENSORED,Yes,No,White,No,8,1,Female,COAD_CIN,55,26,True,True,False,False,False,False,False,False,False,False,False,False,Unknown,COAD_CIN
TCGA-F4-6461,1,-8.467463,3.9548593,TCGA-F4-6461,41,STAGE IIIC,7TH,3,COAD,0,-15151,0,,,11.11220699,1:DEAD WITH TUMOR,Not Hispanic Or Latino,6/20/11,EUR,No,C18.9,8140/3,C18.9,Yes,Yes,Yes,11.11220699,1:DECEASED,2900eadd-7e27-4371-94e5-7d58cdff0138,M0,N2,T4B,Tumor Free,9.468389388,1:PROGRESSION,Yes,No,White,No,10,1,Female,COAD_CIN,57,-8,True,False,True,True,False,False,False,False,False,False,False,False,Unknown,COAD_CIN
TCGA-F4-6463,1,-13.952293,2.4195156,TCGA-F4-6463,51,STAGE IIA,7TH,13,COAD,1087,-18804,0,35.73659467,0:DiseaseFree,35.73659467,0:ALIVE OR DEAD TUMOR FREE,Not Hispanic Or Latino,6/20/11,EUR,No,C18.4,8480/3,C18.4,Yes,Yes,No,35.73659467,0:LIVING,cbe23011-93b7-4e9f-b934-bd0122f91f54,M0,N0,T3,Tumor Free,35.73659467,0:CENSORED,Yes,No,White,No,20,1,Male,COAD_GS,62,28,True,False,True,False,False,False,False,False,False,False,False,False,Unknown,COAD_GS
TCGA-F4-6805,3,-9.494118,7.7204137,TCGA-F4-6805,58,STAGE IIA,7TH,29,COAD,1047,-21241,0,34.42154059,0:DiseaseFree,34.42154059,0:ALIVE OR DEAD TUMOR FREE,Not Hispanic Or Latino,8/25/11,EUR,No,C18.9,8140/3,C18.9,Yes,Yes,No,34.42154059,0:LIVING,e76258b7-e13a-4b05-855b-d792701ffba1,M0,N0,T3,Tumor Free,34.42154059,0:CENSORED,No,No,White,No,24,1,Female,COAD_CIN,60,22,False,True,True,True,True,False,False,False,False,False,False,False,Unknown,COAD_CIN
TCGA-F4-6856,1,-13.9302225,6.7828712,TCGA-F4-6856,45,STAGE I,7TH,25,COAD,1074,-16519,0,35.30920209,0:DiseaseFree,35.30920209,0:ALIVE OR DEAD TUMOR FREE,Not Hispanic Or Latino,10/7/11,EUR,No,C18.0,8480/3,C18.0,Yes,Yes,No,35.30920209,0:LIVING,64bd568d-0509-48fe-8d0a-aef2a85d5c57,M0,N0,T2,Tumor Free,35.30920209,0:CENSORED,Yes,No,White,No,24,1,Male,COAD_MSI,61,14,True,True,True,True,False,False,True,False,False,False,False,True,MSI-H_proxy,COAD_MSI
TCGA-F5-6464,1,-13.882943,-0.074913844,TCGA-F5-6464,77,STAGE IIIC,7TH,7,READ,0,-28168,0,,,9.961534668,,Not Hispanic Or Latino,6/20/11,EUR,No,C19,8140/3,C19.9,Yes,Yes,No,9.961534668,1:DECEASED,8b4383b1-a684-41ea-bfb0-c84e6f5b287d,M0,N2A,T4B,,9.961534668,0:CENSORED,Yes,No,White,No,-2,1,Female,READ_CIN,68,10,True,True,False,False,False,False,False,False,False,False,False,False,Unknown,READ_CIN
TCGA-F5-6810,3,-23.397196,18.380377,TCGA-F5-6810,71,STAGE IIA,7TH,33,READ,12,-25987,0,,,,,Not Hispanic Or Latino,8/31/11,EUR,No,C20,8140/3,C20.9,Yes,Yes,,,,375436b3-66ac-4d5e-b495-18a96d812a69,M0,N0,T3,,,,Yes,No,White,,24,1,Male,READ_CIN,55,28,True,True,False,False,False,False,False,False,False,False,False,False,Unknown,READ_CIN
TCGA-F5-6811,3,-15.065604,9.28261,TCGA-F5-6811,72,STAGE IIA,7TH,-3,READ,979,-26575,0,32.18594865,0:DiseaseFree,32.18594865,0:ALIVE OR DEAD TUMOR FREE,Not Hispanic Or Latino,8/26/11,EUR,No,C19,8140/3,C19.9,Yes,Yes,No,32.18594865,0:LIVING,cc2a014b-fb3c-4839-a5fb-6c40e745df1b,M0,N0,T3,Tumor Free,32.18594865,0:CENSORED,Yes,No,White,No,12,1,Female,READ_CIN,88,-4,True,True,False,False,False,False,False,False,False,False,False,False,Unknown,READ_CIN
TCGA-F5-6812,3,-20.875828,12.086786,TCGA-F5-6812,67,STAGE IIA,7TH,-3,READ,1110,-24490,0,36.49275076,0:DiseaseFree,36.49275076,0:ALIVE OR DEAD TUMOR FREE,Not Hispanic Or Latino,8/31/11,EUR,No,C49.4,8140/3,C49.4,Yes,Yes,No,36.49275076,0:LIVING,e5d7bbd4-4f38-4a5a-9966-f44f8a15a10e,M0,N0,T3,Tumor Free,36.49275076,0:CENSORED,Yes,No,White,No,-6,1,Male,READ_CIN,90,-8,True,True,True,False,False,False,False,False,False,False,False,False,Unknown,READ_CIN
TCGA-F5-6814,3,-18.448664,15.362262,TCGA-F5-6814,57,STAGE IIA,7TH,37,READ,1131,-20828,0,37.18315416,0:DiseaseFree,37.18315416,0:ALIVE OR DEAD TUMOR FREE,Not Hispanic Or Latino,12/20/11,EUR,No,C20,8140/3,C20.9,Yes,Yes,No,37.18315416,0:LIVING,8feb0e8f-d09b-437d-8651-0cdecfe776bf,M0,N0,T3,Tumor Free,37.18315416,0:CENSORED,Yes,No,White,No,20,1,Male,READ_POLE,61,38,True,True,False,True,False,True,False,True,True,True,False,True,Unknown,READ_POLE
TCGA-F5-6861,2,8.628415,10.998586,TCGA-F5-6861,60,STAGE IIA,7TH,23,READ,1160,-21936,0,38.13656837,0:DiseaseFree,38.13656837,0:ALIVE OR DEAD TUMOR FREE,Not Hispanic Or Latino,10/7/11,EUR,No,C20,8140/3,C20.9,Yes,Yes,No,38.13656837,0:LIVING,78499f63-fe28-4b99-9f0e-6002203c4596,M0,N0,T3,Tumor Free,38.13656837,0:CENSORED,Yes,No,White,No,16,1,Female,READ_GS,64,26,True,False,True,False,False,False,False,False,False,False,False,False,Unknown,READ_GS
TCGA-F5-6863,3,-14.665459,9.421831,TCGA-F5-6863,71,STAGE IIIB,7TH,19,READ,23,-25936,0,,,11.86836309,1:DEAD WITH TUMOR,Not Hispanic Or Latino,10/7/11,EUR,No,C20,8140/3,C20.9,Yes,Yes,Yes,11.86836309,1:DECEASED,72e640f2-869f-4aef-8ebe-b127f3e7048a,M0,N1,T4A,,6.27938324,1:PROGRESSION,Yes,No,White,No,6,1,Female,READ_CIN,77,26,True,True,False,False,False,False,False,False,False,False,False,False,Unknown,READ_CIN
TCGA-G4-6295,1,-18.142931,-1.0918664,TCGA-G4-6295,70,STAGE II,6TH,17,COAD,254,-25758,0,,,8.350593418,0:ALIVE OR DEAD TUMOR FREE,Not Hispanic Or Latino,6/28/11,EUR,No,C18.0,8140/3,C18.0,Yes,Yes,No,8.350593418,0:LIVING,e17959bd-045d-4540-b43a-c3863e8ff3c0,M0,N0,T3,Tumor Free,8.350593418,0:CENSORED,Yes,No,White,No,16,1,Female,COAD_CIN,59,8,True,True,False,True,False,False,False,False,False,False,False,False,Unknown,COAD_CIN
TCGA-G4-6298,1,-15.88684,1.9981284,TCGA-G4-6298,90,STAGE IIIB,6TH,21,COAD,,-32873,0,,,23.50659171,1:DEAD WITH TUMOR,Not Hispanic Or Latino,6/30/11,AFR,No,C18.0,8140/3,C18.0,Yes,Yes,Yes,23.50659171,1:DECEASED,ab9cc98a-86ae-4913-bcb2-cc3aeff8abb1,MX,N1,T4A,With Tumor,9.567018444,1:PROGRESSION,Yes,Yes,Black or African American,No,10,1,Male,COAD_CIN,59.4,34,True,True,False,False,False,False,False,False,False,False,False,False,Unknown,COAD_CIN
TCGA-G4-6303,1,-15.060133,1.7301006,TCGA-G4-6303,54,STAGE IV,6TH,7,COAD,1882,-19800,0,,,65.85133314,1:DEAD WITH TUMOR,Not Hispanic Or Latino,7/1/11,EUR,No,C18.7,8140/3,C18.7,Yes,Yes,Yes,65.85133314,1:DECEASED,264c0d45-078a-4207-a101-71f99bcd237e,M1,N1,T3,With Tumor,28.66817898,1:PROGRESSION,Yes,No,White,No,16,1,Female,COAD_CIN,69,12,True,True,False,False,False,False,False,False,False,False,False,False,Unknown,COAD_CIN
TCGA-G4-6309,1,-15.670651,1.1679758,TCGA-G4-6309,40,STAGE IIIB,6TH,33,COAD,2600,-14729,0,71.53894204,1:Recurred/Progressed,85.4785153,0:ALIVE OR DEAD TUMOR FREE,Not Hispanic Or Latino,8/2/11,AFR_ADMIX,No,C18.7,8140/3,C18.7,Yes,Yes,Yes,85.4785153,0:LIVING,e4be17c8-0855-432c-bb80-28bb24b62f32,M0,N1,T3,Tumor Free,71.53894204,1:PROGRESSION,Yes,No,Black or African American,No,20,1,Female,COAD_MSI,65.4,36,True,False,False,False,True,False,False,False,False,False,False,False,MSI-H_proxy,COAD_MSI
TCGA-G4-6322,1,-24.663578,-0.82964635,TCGA-G4-6322,65,STAGE IIIB,6TH,29,COAD,792,-23825,0,,,26.03807082,0:ALIVE OR DEAD TUMOR FREE,Not Hispanic Or Latino,7/13/11,EUR,No,C18.6,8480/3,C18.6,Yes,Yes,Yes,26.03807082,0:LIVING,b3fea9bb-53f9-4ddb-922d-b570562d7a7d,MX,N1,T3,Tumor Free,25.93944176,1:PROGRESSION,Yes,No,White,No,24,1,Male,COAD_CIN,90.9,28,True,False,False,False,True,False,False,False,False,False,False,False,Unknown,COAD_CIN
TCGA-G4-6625,1,-21.715649,2.7473485,,,,,,,,,,,,,,,,,,,,,,,,,,,,,,,,,,,,,,,,,,,False,False,False,False,False,False,False,False,False,False,False,False,Unknown,Unknown
TCGA-G4-6626,1,-11.306059,2.093742,TCGA-G4-6626,90,STAGE IIA,6TH,21,COAD,,-32871,0,,,46.7501726,0:ALIVE OR DEAD TUMOR FREE,Not Hispanic Or Latino,7/1/11,EUR,No,C18.2,8140/3,C18.2,Yes,Yes,No,46.7501726,1:DECEASED,3aae5316-6a5d-4b83-9020-ad691d4edf99,M0,N0,T3,,46.7501726,0:CENSORED,Yes,No,White,No,10,1,Male,COAD_CIN,59,30,True,True,False,False,False,False,False,False,False,False,False,False,Unknown,COAD_CIN
TCGA-G4-6628,1,-23.13217,1.2349879,TCGA-G4-6628,78,STAGE I,6TH,19,COAD,2424,-28772,0,79.69227735,0:DiseaseFree,79.69227735,0:ALIVE OR DEAD TUMOR FREE,Not Hispanic Or Latino,8/2/11,EUR,No,C18.0,8140/3,C18.0,Yes,Yes,No,79.69227735,0:LIVING,2c0a725a-e829-4d84-89d9-d0d47f6cfa37,M0,N0,T2,,79.69227735,0:CENSORED,Yes,Yes,White,No,10,1,Male,COAD_MSI,91,6,False,False,False,True,True,True,False,False,False,False,False,False,MSI-H_proxy,COAD_MSI
TCGA-G5-6233,1,-24.14171,-1.7925949,,,,,,,,,,,,,,,,,,,,,,,,,,,,,,,,,,,,,,,,,,,False,False,False,False,False,False,False,False,False,False,False,False,Unknown,Unknown
TCGA-G5-6235,1,-18.401447,-0.80112445,,,,,,,,,,,,,,,,,,,,,,,,,,,,,,,,,,,,,,,,,,,False,False,False,False,False,False,False,False,False,False,False,False,Unknown,Unknown
TCGA-NH-A6GB,1,-1.1493901,-1.3355756,TCGA-NH-A6GB,71,STAGE IIIC,7TH,35,COAD,476,-26100,0,,,15.64914357,0:ALIVE OR DEAD TUMOR FREE,Not Hispanic Or Latino,9/3/13,AFR,No,C18.4,8140/3,C18.4,Yes,Yes,No,15.64914357,0:LIVING,E3B0EE77-C419-4B2B-833F-90A221415489,MX,N2B,T3,,15.64914357,0:CENSORED,Yes,No,Black or African American,No,14,1,Female,COAD_CIN,83,26,True,True,True,False,False,False,False,False,False,False,False,False,Unknown,COAD_CIN
TCGA-NH-A8F7,1,-4.062703,1.3227633,TCGA-NH-A8F7,53,STAGE IIA,7TH,11,COAD,543,-19535,0,,,17.85185916,0:ALIVE OR DEAD TUMOR FREE,Not Hispanic Or Latino,2/19/14,AFR,No,C18.7,8140/3,C18.7,Yes,Yes,No,17.85185916,0:LIVING,6454FF0C-26F8-4CC2-B77C-7E5ABDC20ACD,MX,N0,T3,With Tumor,17.85185916,0:CENSORED,Yes,"Yes, History Of Synchronous And Or Bilateral Malignancy",Black or African American,Yes,16,1,Female,COAD_CIN,175.3,2,True,True,False,False,False,False,False,False,False,False,False,False,Unknown,COAD_CIN
TCGA-QG-A5Z1,1,-6.232497,0.35555616,TCGA-QG-A5Z1,71,STAGE IIIB,7TH,5,COAD,202,-26220,0,,,8.416346122,0:ALIVE OR DEAD TUMOR FREE,Not Hispanic Or Latino,6/20/13,AFR_ADMIX,No,C19,8140/3,C19.9,Yes,Yes,No,8.416346122,1:DECEASED,9C45EAEC-D854-4F51-80A3-2D80D6B4AEBC,MX,N1B,T3,Tumor Free,8.416346122,0:CENSORED,Yes,No,Black or African American,No,16,1,Male,COAD_CIN,91.1,6,True,True,False,False,False,False,False,False,False,False,False,False,Unknown,COAD_CIN
TCGA-SS-A7HO,1,-10.470439,-5.392164,TCGA-SS-A7HO,44,STAGE IIB,7TH,7,COAD,1829,-16416,0,16.63543413,1:Recurred/Progressed,60.13084788,0:ALIVE OR DEAD TUMOR FREE,Not Hispanic Or Latino,3/31/15,AFR,No,C18.0,8140/3,C18.0,Yes,Yes,Yes,60.13084788,0:LIVING,8D0FA506-3F51-4108-8427-7DABF270BCD4,M0,N0,T4A,With Tumor,16.63543413,1:PROGRESSION,Yes,No,Black or African American,No,14,1,Female,COAD_CIN,97.5,4,True,True,True,False,False,False,False,False,False,False,False,False,Unknown,COAD_CIN
